1.00000000
0.93571442
0.80781725
0.72426796
0.70364173
0.70164002
0.69439936
0.67749014
0.67654116
0.67455691
0.67309029
0.67179622
0.66920808
0.66782773
0.66696501
0.66420433
0.66213381
0.66144364
0.66075346
0.66023584
0.65911431
0.65859668
0.65773396
0.65756143
0.65549091
0.65428310
0.65057343
0.64962444
0.64764020
0.64686375
0.64505205
0.64375798
0.64194628
0.64099729
0.64013458
0.63866796
0.63711507
0.63633863
0.63487202
0.63375049
0.63306031
0.63245642
0.63142116
0.63064471
0.62995454
0.62848792
0.62607232
0.62503706
0.62374299
0.62313909
0.62244892
0.62184502
0.62080976
0.62055095
0.61986077
0.61753145
0.61710009
0.61597856
0.61235515
0.61114735
0.61019836
0.60985328
0.60916311
0.60830039
0.60709259
0.60640241
0.60502207
0.60467699
0.60433190
0.60398682
0.60372800
0.60364173
0.60295156
0.60122613
0.60062223
0.60019087
0.59898307
0.59725764
0.59665373
0.59544594
0.59458322
0.59380678
0.59311660
0.59259897
0.59216762
0.59139118
0.59113236
0.59078728
0.58957947
0.58897557
0.58819913
0.58673252
0.58621489
0.58569726
0.58526590
0.58474827
0.58354047
0.58267776
0.58121114
0.58008961
0.57974452
0.57931316
0.57879553
0.57732892
0.57663875
0.57629366
0.57517213
0.57387806
0.57301535
0.57241145
0.57094483
0.57016838
0.56939194
0.56852922
0.56844296
0.56818414
0.56792533
0.56749397
0.56706261
0.56663125
0.56559600
0.56447446
0.56412938
0.56361175
0.56300785
0.56240395
0.56128242
0.56076479
0.55990207
0.55929817
0.55886682
0.55774529
0.55705512
0.55653749
0.55645122
0.55567477
0.55524341
0.55489833
0.55412188
0.55403562
0.55360425
0.55351799
0.55239646
0.55213764
0.55205137
0.55136120
0.55084357
0.55058475
0.55023967
0.54980831
0.54929068
0.54920441
0.54851423
0.54782407
0.54730644
0.54670254
0.54661626
0.54618491
0.54540846
0.54506338
0.54445947
0.54359676
0.54256150
0.54092234
0.53842047
0.53833420
0.53807539
0.53729894
0.53686758
0.53669504
0.53652250
0.53626368
0.53609114
0.53548724
0.53522842
0.53488334
0.53402063
0.53358927
0.53298537
0.53281282
0.53203638
0.53117366
0.53065603
0.53031095
0.52970705
0.52927569
0.52893061
0.52867179
0.52806789
0.52746399
0.52668755
0.52642874
0.52616992
0.52573856
0.52547974
0.52482215
0.52464968
0.52430474
0.52413228
0.52404604
0.52344240
0.52266629
0.52240759
0.52180395
0.52171771
0.52154525
0.52102784
0.52059666
0.51982056
0.51913068
0.51895822
0.51844081
0.51800964
0.51757846
0.51697483
0.51654365
0.51594002
0.51568131
0.51424643
0.51407435
0.51390227
0.50998538
0.50964380
0.50930222
0.50878984
0.50827746
0.50759429
0.50725271
0.50358068
0.50315370
0.50255592
0.50212894
0.50204355
0.50170196
0.50042102
0.50007944
0.49965246
0.49914008
0.49879849
0.49837151
0.49802993
0.49760295
0.49726136
0.49666360
0.49640740
0.49615122
0.49521186
0.49512647
0.49469949
0.49418711
0.49393092
0.49324775
0.49290617
0.49230839
0.49196681
0.49171062
0.49128364
0.49094206
0.49068586
0.49034428
0.48974651
0.48931953
0.48923413
0.48855097
0.48820938
0.48786780
0.48752622
0.48744082
0.48692844
0.48154848
0.48043834
0.48026755
0.47975517
0.47958438
0.47941359
0.47932819
0.47838884
0.47779106
0.47736408
0.47685171
0.47625393
0.47582695
0.47522918
0.47463140
0.47335047
0.47224032
0.47206952
0.47172794
0.47130096
0.47061779
0.47027621
0.46984923
0.46899526
0.46865368
0.46856828
0.46822670
0.46771433
0.46737274
0.46686036
0.46617720
0.46600640
0.46557942
0.46549402
0.46532323
0.46335912
0.46327373
0.46259056
0.46241976
0.46216358
0.46130961
0.45943090
0.45883313
0.45857694
0.45823535
0.45789377
0.45738140
0.45721060
0.45652744
0.45610046
0.45567347
0.45516110
0.45481951
0.45439253
0.45430714
0.45405095
0.45388016
0.45097669
0.45029352
0.44969575
0.44909797
0.44858560
0.44824402
0.44790243
0.44730466
0.44687768
0.44645070
0.44568213
0.44542595
0.44516976
0.44448659
0.44405961
0.44354723
0.44329105
0.44286407
0.44260787
0.44235169
0.44192471
0.44149772
0.44124154
0.44115614
0.44064377
0.44055837
0.43965910
0.43855036
0.43795334
0.43752691
0.43701518
0.43658874
0.43641816
0.43573586
0.43565057
0.43548000
0.43530943
0.43496827
0.43454183
0.43420068
0.43411539
0.43351837
0.43334780
0.43283607
0.43266550
0.43232434
0.43189790
0.43147147
0.43087445
0.43044801
0.43002157
0.42968042
0.42942456
0.42908341
0.42848639
0.42805995
0.42763351
0.42695121
0.42686592
0.42635419
0.42609833
0.42567189
0.42524545
0.42516017
0.42490430
0.42430728
0.42379555
0.42302797
0.42243095
0.42149278
0.42123692
0.42089577
0.42038404
0.42021346
0.41987231
0.41953116
0.41919001
0.41867828
0.41842242
0.41799598
0.41748425
0.41714310
0.41524445
0.41507451
0.41490458
0.41422482
0.41354507
0.41244047
0.41227053
0.41184569
0.41159078
0.41133587
0.41116593
0.41091103
0.41074109
0.40946655
0.40912667
0.40870183
0.40836195
0.40785214
0.40759723
0.40725735
0.40717238
0.40657759
0.40547299
0.40521809
0.40487822
0.40453833
0.40394355
0.40360367
0.40309386
0.40292393
0.40283895
0.40258404
0.40198926
0.40147944
0.40113957
0.40079969
0.40037485
0.39961012
0.39935522
0.39918528
0.39901534
0.39799571
0.39740092
0.39714602
0.39672117
0.39621136
0.39570154
0.39510676
0.39468191
0.39442700
0.39425707
0.39374725
0.39357731
0.39340737
0.39289755
0.39221781
0.39187792
0.39145308
0.39009357
0.38975370
0.38898897
0.38881903
0.38847916
0.38762947
0.38694971
0.38610002
0.38601505
0.38550524
0.38525033
0.38482548
0.38423070
0.38406076
0.38355095
0.38295616
0.38236137
0.38168163
0.38117181
0.38057702
0.37955739
0.37921751
0.37904758
0.37887764
0.37845279
0.37819789
0.37794298
0.37743316
0.37717826
0.37675341
0.37641353
0.37615863
0.37590372
0.37539390
0.37496906
0.37454421
0.37420433
0.37386446
0.37377949
0.37360955
0.37309974
0.37301477
0.37250495
0.37241998
0.37208011
0.37174022
0.37097551
0.37089054
0.37063563
0.37029575
0.37004085
0.36978593
0.36953103
0.36893624
0.36825649
0.36783164
0.36757674
0.36749177
0.36715189
0.36689698
0.36664207
0.36655711
0.36647214
0.36545251
0.36502766
0.36451785
0.36392306
0.36332828
0.36298840
0.36273349
0.36230865
0.36205374
0.36196877
0.36179883
0.36094914
0.36069423
0.36043933
0.36018441
0.36009944
0.35984454
0.35924975
0.35907981
0.35840007
0.35797522
0.35789025
0.35755037
0.35729546
0.35687062
0.35678565
0.35644578
0.35610589
0.35602092
0.35568105
0.35551111
0.35508626
0.35483136
0.35457645
0.35415160
0.35381173
0.35245222
0.35083152
0.35040842
0.34990070
0.34964684
0.34956222
0.34922375
0.34846218
0.34795446
0.34753136
0.34744675
0.34702364
0.34676979
0.34617745
0.34541588
0.34524664
0.34516202
0.34482355
0.34380812
0.34346964
0.34321578
0.34304654
0.34296193
0.34270806
0.34220035
0.34194649
0.34169263
0.34135416
0.34110030
0.34033873
0.34025411
0.33752271
0.33701831
0.33693425
0.33668205
0.33584140
0.33567327
0.33533700
0.33516888
0.33474854
0.33441228
0.33432822
0.33323537
0.33273098
0.33239471
0.33155406
0.33071341
0.33054528
0.33012495
0.32936836
0.32903210
0.32886396
0.32861177
0.32844364
0.32819145
0.32802331
0.32793925
0.32726672
0.32693046
0.32684639
0.32642607
0.32608981
0.32583761
0.32533322
0.32482882
0.32466070
0.32440850
0.32424037
0.32356785
0.32339971
0.32314752
0.32281125
0.32247499
0.32197060
0.32180247
0.32146621
0.32087775
0.32045742
0.32020523
0.31986896
0.31936457
0.31928050
0.31852392
0.31827172
0.31785139
0.31743107
0.31692667
0.31591789
0.31566570
0.31516130
0.31482504
0.31465691
0.31373219
0.31347999
0.31331186
0.31272341
0.31238714
0.31221901
0.31188275
0.31171462
0.31154649
0.31078990
0.31053770
0.31028550
0.31020144
0.31011738
0.30961298
0.30944485
0.30894046
0.30860420
0.30826794
0.30793167
0.30776355
0.30759541
0.30717509
0.30709102
0.30658663
0.30599817
0.30566191
0.30524158
0.30507345
0.30490532
0.30473719
0.30322401
0.30288775
0.30255149
0.30246742
0.30204709
0.30162677
0.30137457
0.30103831
0.30053392
0.30019766
0.29977733
0.29944106
0.29910480
0.29851635
0.29809602
0.29792789
0.29759163
0.29750756
0.29717130
0.29683503
0.29617529
0.29592351
0.29575567
0.29525211
0.29466462
0.29441284
0.29370898
0.29345759
0.29329000
0.29287100
0.29245202
0.29228443
0.29178165
0.29111205
0.29094474
0.29077744
0.29069378
0.29035918
0.28994090
0.28952264
0.28927169
0.28910438
0.28885342
0.28868611
0.28835151
0.28699788
0.28666425
0.28649745
0.28486503
0.28461580
0.28428350
0.28361890
0.28320352
0.28278815
0.28237277
0.28228969
0.28187432
0.28096049
0.28029589
0.27988051
0.27979744
0.27971436
0.27929898
0.27888361
0.27880053
0.27855130
0.27838516
0.27796978
0.27755440
0.27655750
0.27614212
0.27597598
0.27401770
0.27385227
0.27368686
0.27343873
0.27294247
0.27277705
0.27252892
0.27211537
0.27194995
0.27161911
0.27137099
0.27120556
0.27079201
0.26963407
0.26938595
0.26864444
0.26831411
0.26814894
0.26757085
0.26740569
0.26699277
0.26542368
0.26534110
0.26501077
0.26484560
0.26468043
0.26410235
0.26385460
0.26324156
0.26274659
0.26225162
0.26200413
0.26117918
0.26043672
0.25985926
0.25944678
0.25936429
0.25870433
0.25837435
0.25820936
0.25746690
0.25738441
0.25721942
0.25713692
0.25688944
0.25664195
0.25588884
0.25465426
0.25440734
0.25391351
0.25366659
0.25358428
0.25243200
0.25032321
0.24740933
0.24677838
0.24669763
0.24645537
0.24572861
0.24540560
0.24516334
0.24500184
0.24484033
0.24467883
0.24443657
0.24411356
0.24362905
0.24067509
0.24051495
0.23995450
0.23955418
0.23931398
0.23899372
0.23883360
0.23835321
0.23803294
0.23707216
0.23683197
0.23651171
0.23643165
0.23635158
0.23611138
0.23579113
0.23563099
0.23475028
0.23451009
0.23402970
0.23362938
0.23292359
0.23284366
0.23260386
0.23244400
0.23196440
0.23172461
0.23028582
0.23004602
0.22972629
0.22940656
0.22860723
0.22852730
0.22820757
0.22812763
0.22740824
0.22684813
0.22644861
0.22620889
0.22588927
0.22580937
0.22532994
0.22509023
0.22461081
0.22013824
0.22005989
0.21974653
0.21888478
0.21834353
0.21795224
0.21771746
0.21756094
0.21677835
0.21646531
0.21623053
0.21533161
0.21486248
0.21298595
0.21259500
0.21243862
0.21228225
0.21173493
0.21150037
0.21079667
0.21024934
0.20970202
0.20870763
0.20862955
0.20839532
0.20792684
0.20769259
0.20652140
0.20597484
0.20558444
0.20495980
0.20425708
0.20378860
0.20191468
0.20168044
0.20129004
0.20089964
0.20066540
0.20027500
0.20004076
0.19988460
0.19941612
0.19910381
0.19879148
0.19824492
0.19793260
0.19696918
0.19673599
0.19650279
0.19626961
0.19557003
0.19525911
0.19438832
0.19392216
0.19368908
0.19353370
0.19345600
0.19280584
0.19241790
0.19202996
0.19195237
0.18857023
0.18818882
0.18780740
0.18734971
0.18727343
0.18498330
0.18490752
0.18468017
0.18422548
0.18407392
0.18339189
0.18286141
0.18270985
0.18248250
0.18217937
0.17995053
0.17942567
0.17935069
0.17875086
0.17596246
0.17588859
0.17566698
0.17396792
0.17352469
0.17315533
0.17300759
0.17278597
0.17256436
0.17212113
0.17204726
0.17175177
0.17160403
0.17130854
0.17027434
0.16978699
0.16971324
0.16875441
0.16804042
0.16719425
0.16646223
0.16624262
0.16536419
0.16485178
0.16455896
0.16441256
0.16397335
0.16155766
0.16141126
0.16104525
0.15989438
0.15967614
0.15960340
0.15851221
0.15814849
0.15807574
0.15793025
0.15785751
0.15691182
0.15603887
0.15596613
0.15531141
0.15275271
0.15210697
0.15117424
0.15088725
0.14988277
0.14902178
0.14794556
0.14773031
0.14708457
0.14658233
0.14636708
0.14629534
0.14572135
0.14543436
0.14505823
0.14381663
0.13910119
0.13730901
0.13710221
0.13606826
0.13537896
0.13441197
0.13406926
0.13393217
0.13215667
0.13114060
0.13046323
0.12944716
0.12794098
0.12787389
0.12773971
0.12488959
0.12409622
0.12396399
0.12310450
0.12186318
0.12159998
0.11688479
0.11669442
0.11472731
0.11396584
0.11383893
0.11161799
0.11149108
0.11047580
0.11015852
0.11003161
0.10977779
0.10965088
0.10635120
0.10609737
0.10558973
0.10533591
0.10381299
0.10336880
0.10290889
0.10065274
0.10059072
0.09984652
0.09949381
0.09603100
0.09177174
0.09100303
0.08999780
0.08940648
0.08911083
0.08804646
0.08756210
0.08626575
0.08588515
0.08547338
0.08042506
0.07822353
0.07740870
0.07691980
0.07659387
0.07350092
0.07110749
0.06992150
0.06981837
0.06641511
0.06626042
0.06280560
0.06125866
0.06110397
0.06039448
0.05916089
0.05910949
0.05900669
0.05885249
0.04444636
0.04326806
0.03621708
0.02538496
0.02478988
0.02436732
0.01684169
0.01188427
0.01173191
0.01095838
0.00544989
0.00259692
0.00252017
0.00022704
0.00010910
0.00010910
0.00010910
0.00010910
0.00010910
0.00010910
0.00010910
0.00010910
0.00010910
0.00010910
0.00010910
0.00010910
0.00010910
0.00010910
0.00010910
0.00010910
0.00010910
0.00010910
0.00010910
0.00010910
0.00010910
0.00010910
0.00010910
0.00010910
0.00010910
0.00010910
0.00010910
0.00010910
0.00010910
0.00010910
0.00010910
0.00010910
0.00010910
0.00010910
0.00010910
0.00010910
0.00010910
0.00010910
0.00010910
0.00010910
0.00010910
0.00010910
0.00010910
0.00010910
0.00010910
0.00010910
0.00010910
0.00010910
0.00010910
0.00010910
0.00010910
0.00010910
0.00010910
0.00010910
0.00010910
0.00010910
0.00010910
0.00010910
0.00010910
0.00010910
0.00010910
0.00010910
0.00010910
0.00010910
0.00010910
0.00010910
0.00010910
0.00010910
0.00010910
0.00010910
0.00010910
0.00010910
0.00010910
0.00010910
0.00010909
0.00010909
0.00010909
0.00010909
0.00010909
0.00010909
0.00010909
0.00010909
0.00010909
0.00010909
0.00010909
0.00010909
0.00010909
0.00010909
0.00010909
0.00010909
0.00010909
0.00010909
0.00010909
0.00010909
0.00010909
0.00010909
0.00010909
0.00010909
0.00010909
0.00010909
0.00010909
0.00010909
0.00010909
0.00010909
0.00010909
0.00010909
0.00010909
0.00010909
0.00010909
0.00010909
0.00010909
0.00010909
0.00010909
0.00010909
0.00010909
0.00010909
0.00010909
0.00010909
0.00010909
0.00010909
0.00010909
0.00010909
0.00010909
0.00010909
0.00010909
0.00010909
0.00010909
0.00010909
0.00010909
0.00010909
0.00010909
0.00010909
0.00010909
0.00010909
0.00010909
0.00010909
0.00010909
0.00010909
0.00010909
0.00010909
0.00010909
0.00010909
0.00010909
0.00010909
0.00010909
0.00010909
0.00010909
0.00010909
0.00010909
0.00010909
0.00010909
0.00010909
0.00010909
0.00010909
0.00010909
0.00010909
0.00010909
0.00010909
0.00010909
0.00010909
0.00010909
0.00010909
0.00010909
0.00010909
0.00010909
0.00010909
0.00010909
0.00010909
0.00010909
0.00010909
0.00010909
0.00010909
0.00010909
0.00010909
0.00010908
0.00010908
0.00010908
0.00010908
0.00010908
0.00010908
0.00010908
0.00010908
0.00010908
0.00010908
0.00010908
0.00010908
0.00010908
0.00010908
0.00010908
0.00010908
0.00010908
0.00010908
0.00010908
0.00010908
0.00010908
0.00010908
0.00010908
0.00010908
0.00010908
0.00010908
0.00010908
0.00010908
0.00010908
0.00010908
0.00010908
0.00010908
0.00010908
0.00010908
0.00010908
0.00010908
0.00010908
0.00010908
0.00010908
0.00010908
0.00010908
0.00010908
0.00010908
0.00010908
0.00010908
0.00010908
0.00010908
0.00010908
0.00010908
0.00010908
0.00010908
0.00010908
0.00010908
0.00010908
0.00010908
0.00010908
0.00010908
0.00010908
0.00010908
0.00010908
0.00010908
0.00010908
0.00010908
0.00010908
0.00010908
0.00010908
0.00010908
0.00010908
0.00010908
0.00010908
0.00010908
0.00010908
0.00010908
0.00010908
0.00010908
0.00010908
0.00010908
0.00010908
0.00010908
0.00010908
0.00010908
0.00010908
0.00010908
0.00010908
0.00010908
0.00010908
0.00010908
0.00010908
0.00010908
0.00010908
0.00010908
0.00010908
0.00010908
0.00010908
0.00010908
0.00010908
0.00010908
0.00010908
0.00010908
0.00010908
0.00010907
0.00010907
0.00010907
0.00010907
0.00010907
0.00010907
0.00010907
0.00010907
0.00010907
0.00010907
0.00010907
0.00010907
0.00010907
0.00010907
0.00010907
0.00010907
0.00010907
0.00010907
0.00010907
0.00010907
0.00010907
0.00010907
0.00010907
0.00010907
0.00010907
0.00010907
0.00010907
0.00010907
0.00010907
0.00010907
0.00010907
0.00010907
0.00010907
0.00010907
0.00010907
0.00010907
0.00010907
0.00010907
0.00010907
0.00010907
0.00010907
0.00010907
0.00010907
0.00010907
0.00010907
0.00010907
0.00010907
0.00010907
0.00010907
0.00010907
0.00010907
0.00010907
0.00010907
0.00010907
0.00010907
0.00010907
0.00010907
0.00010907
0.00010907
0.00010907
0.00010907
0.00010907
0.00010907
0.00010907
0.00010907
0.00010907
0.00010907
0.00010907
0.00010907
0.00010907
0.00010907
0.00010907
0.00010907
0.00010907
0.00010907
0.00010907
0.00010907
0.00010907
0.00010907
0.00010907
0.00010907
0.00010907
0.00010907
0.00010907
0.00010907
0.00010907
0.00010907
0.00010907
0.00010907
0.00010907
0.00010907
0.00010907
0.00010907
0.00010907
0.00010907
0.00010907
0.00010907
0.00010907
0.00010907
0.00010907
0.00010906
0.00010906
0.00010906
0.00010906
0.00010906
0.00010906
0.00010906
0.00010906
0.00010906
0.00010906
0.00010906
0.00010906
0.00010906
0.00010906
0.00010906
0.00010906
0.00010906
0.00010906
0.00010906
0.00010906
0.00010906
0.00010906
0.00010906
0.00010906
0.00010906
0.00010906
0.00010906
0.00010906
0.00010906
0.00010906
0.00010906
0.00010906
0.00010906
0.00010906
0.00010906
0.00010906
0.00010906
0.00010906
0.00010906
0.00010906
0.00010906
0.00010906
0.00010906
0.00010906
0.00010906
0.00010906
0.00010906
0.00010906
0.00010906
0.00010906
0.00010906
0.00010906
0.00010906
0.00010906
0.00010906
0.00010906
0.00010906
0.00010906
0.00010906
0.00010906
0.00010906
0.00010906
0.00010906
0.00010906
0.00010906
0.00010906
0.00010906
0.00010906
0.00010906
0.00010906
0.00010906
0.00010906
0.00010906
0.00010906
0.00010906
0.00010906
0.00010906
0.00010906
0.00010906
0.00010906
0.00010906
0.00010906
0.00010906
0.00010906
0.00010906
0.00010906
0.00010906
0.00010906
0.00010906
0.00010906
0.00010906
0.00010906
0.00010906
0.00010906
0.00010906
0.00010906
0.00010906
0.00010906
0.00010906
0.00010906
0.00010905
0.00010905
0.00010905
0.00010905
0.00010905
0.00010905
0.00010905
0.00010905
0.00010905
0.00010905
0.00010905
0.00010905
0.00010905
0.00010905
0.00010905
0.00010905
0.00010905
0.00010905
0.00010905
0.00010905
0.00010905
0.00010905
0.00010905
0.00010905
0.00010905
0.00010905
0.00010905
0.00010905
0.00010905
0.00010905
0.00010905
0.00010905
0.00010905
0.00010905
0.00010905
0.00010905
0.00010905
0.00010905
0.00010905
0.00010905
0.00010905
0.00010905
0.00010905
0.00010905
0.00010905
0.00010905
0.00010905
0.00010905
0.00010905
0.00010905
0.00010905
0.00010905
0.00010905
0.00010905
0.00010905
0.00010905
0.00010905
0.00010905
0.00010905
0.00010905
0.00010905
0.00010905
0.00010905
0.00010905
0.00010905
0.00010905
0.00010905
0.00010905
0.00010905
0.00010905
0.00010905
0.00010905
0.00010905
0.00010905
0.00010905
0.00010905
0.00010905
0.00010905
0.00010905
0.00010905
0.00010905
0.00010905
0.00010905
0.00010905
0.00010905
0.00010905
0.00010905
0.00010905
0.00010905
0.00010905
0.00010905
0.00010905
0.00010905
0.00010905
0.00010905
0.00010905
0.00010905
0.00010905
0.00010905
0.00010905
0.00010904
0.00010904
0.00010904
0.00010904
0.00010904
0.00010904
0.00010904
0.00010904
0.00010904
0.00010904
0.00010904
0.00010904
0.00010904
0.00010904
0.00010904
0.00010904
0.00010904
0.00010904
0.00010904
0.00010904
0.00010904
0.00010904
0.00010904
0.00010904
0.00010904
0.00010904
0.00010904
0.00010904
0.00010904
0.00010904
0.00010904
0.00010904
0.00010904
0.00010904
0.00010904
0.00010904
0.00010904
0.00010904
0.00010904
0.00010904
0.00010904
0.00010904
0.00010904
0.00010904
0.00010904
0.00010904
0.00010904
0.00010904
0.00010904
0.00010904
0.00010904
0.00010904
0.00010904
0.00010904
0.00010904
0.00010904
0.00010904
0.00010904
0.00010904
0.00010904
0.00010904
0.00010904
0.00010904
0.00010904
0.00010904
0.00010904
0.00010904
0.00010904
0.00010904
0.00010904
0.00010904
0.00010904
0.00010904
0.00010904
0.00010904
0.00010904
0.00010904
0.00010904
0.00010904
0.00010904
0.00010904
0.00010904
0.00010904
0.00010904
0.00010904
0.00010904
0.00010904
0.00010904
0.00010904
0.00010904
0.00010904
0.00010904
0.00010904
0.00010904
0.00010904
0.00010904
0.00010904
0.00010904
0.00010904
0.00010904
0.00010903
0.00010903
0.00010903
0.00010903
0.00010903
0.00010903
0.00010903
0.00010903
0.00010903
0.00010903
0.00010903
0.00010903
0.00010903
0.00010903
0.00010903
0.00010903
0.00010903
0.00010903
0.00010903
0.00010903
0.00010903
0.00010903
0.00010903
0.00010903
0.00010903
0.00010903
0.00010903
0.00010903
0.00010903
0.00010903
0.00010903
0.00010903
0.00010903
0.00010903
0.00010903
0.00010903
0.00010903
0.00010903
0.00010903
0.00010903
0.00010903
0.00010903
0.00010903
0.00010903
0.00010903
0.00010903
0.00010903
0.00010903
0.00010903
0.00010903
0.00010903
0.00010903
0.00010903
0.00010903
0.00010903
0.00010903
0.00010903
0.00010903
0.00010903
0.00010903
0.00010903
0.00010903
0.00010903
0.00010903
0.00010903
0.00010903
0.00010903
0.00010903
0.00010903
0.00010903
0.00010903
0.00010903
0.00010903
0.00010903
0.00010903
0.00010903
0.00010903
0.00010903
0.00010903
0.00010903
0.00010903
0.00010903
0.00010903
0.00010903
0.00010903
0.00010903
0.00010903
0.00010903
0.00010903
0.00010903
0.00010903
0.00010903
0.00010903
0.00010903
0.00010903
0.00010903
0.00010903
0.00010903
0.00010903
0.00010903
0.00010902
0.00010902
0.00010902
0.00010902
0.00010902
0.00010902
0.00010902
0.00010902
0.00010902
0.00010902
0.00010902
0.00010902
0.00010902
0.00010902
0.00010902
0.00010902
0.00010902
0.00010902
0.00010902
0.00010902
0.00010902
0.00010902
0.00010902
0.00010902
0.00010902
0.00010902
0.00010902
0.00010902
0.00010902
0.00010902
0.00010902
0.00010902
0.00010902
0.00010902
0.00010902
0.00010902
0.00010902
0.00010902
0.00010902
0.00010902
0.00010902
0.00010902
0.00010902
0.00010902
0.00010902
0.00010902
0.00010902
0.00010902
0.00010902
0.00010902
0.00010902
0.00010902
0.00010902
0.00010902
0.00010902
0.00010902
0.00010902
0.00010902
0.00010902
0.00010902
0.00010902
0.00010902
0.00010902
0.00010902
0.00010902
0.00010902
0.00010902
0.00010902
0.00010902
0.00010902
0.00010902
0.00010902
0.00010902
0.00010902
0.00010902
0.00010902
0.00010902
0.00010902
0.00010902
0.00010902
0.00010902
0.00010902
0.00010902
0.00010902
0.00010902
0.00010902
0.00010902
0.00010902
0.00010902
0.00010902
0.00010902
0.00010902
0.00010902
0.00010902
0.00010902
0.00010902
0.00010902
0.00010902
0.00010902
0.00010902
0.00010901
0.00010901
0.00010901
0.00010901
0.00010901
0.00010901
0.00010901
0.00010901
0.00010901
0.00010901
0.00010901
0.00010901
0.00010901
0.00010901
0.00010901
0.00010901
0.00010901
0.00010901
0.00010901
0.00010901
0.00010901
0.00010901
0.00010901
0.00010901
0.00010901
0.00010901
0.00010901
0.00010901
0.00010901
0.00010901
0.00010901
0.00010901
0.00010901
0.00010901
0.00010901
0.00010901
0.00010901
0.00010901
0.00010901
0.00010901
0.00010901
0.00010901
0.00010901
0.00010901
0.00010901
0.00010901
0.00010901
0.00010901
0.00010901
0.00010901
0.00010901
0.00010901
0.00010901
0.00010901
0.00010901
0.00010901
0.00010901
0.00010901
0.00010901
0.00010901
0.00010901
0.00010901
0.00010901
0.00010901
0.00010901
0.00010901
0.00010901
0.00010901
0.00010901
0.00010901
0.00010901
0.00010901
0.00010901
0.00010901
0.00010901
0.00010901
0.00010901
0.00010901
0.00010901
0.00010901
0.00010901
0.00010901
0.00010901
0.00010901
0.00010901
0.00010901
0.00010901
0.00010901
0.00010901
0.00010901
0.00010901
0.00010901
0.00010901
0.00010901
0.00010901
0.00010901
0.00010901
0.00010901
0.00010901
0.00010901
0.00010900
0.00010900
0.00010900
0.00010900
0.00010900
0.00010900
0.00010900
0.00010900
0.00010900
0.00010900
0.00010900
0.00010900
0.00010900
0.00010900
0.00010900
0.00010900
0.00010900
0.00010900
0.00010900
0.00010900
0.00010900
0.00010900
0.00010900
0.00010900
0.00010900
0.00010900
0.00010900
0.00010900
0.00010900
0.00010900
0.00010900
0.00010900
0.00010900
0.00010900
0.00010900
0.00010900
0.00010900
0.00010900
0.00010900
0.00010900
0.00010900
0.00010900
0.00010900
0.00010900
0.00010900
0.00010900
0.00010900
0.00010900
0.00010900
0.00010900
0.00010900
0.00010900
0.00010900
0.00010900
0.00010900
0.00010900
0.00010900
0.00010900
0.00010900
0.00010900
0.00010900
0.00010900
0.00010900
0.00010900
0.00010900
0.00010900
0.00010900
0.00010900
0.00010900
0.00010900
0.00010900
0.00010900
0.00010900
0.00010900
0.00010900
0.00010900
0.00010900
0.00010900
0.00010900
0.00010900
0.00010900
0.00010900
0.00010900
0.00010900
0.00010900
0.00010900
0.00010900
0.00010900
0.00010900
0.00010900
0.00010900
0.00010900
0.00010900
0.00010900
0.00010900
0.00010900
0.00010900
0.00010900
0.00010900
0.00010900
0.00010899
0.00010899
0.00010899
0.00010899
0.00010899
0.00010899
0.00010899
0.00010899
0.00010899
0.00010899
0.00010899
0.00010899
0.00010899
0.00010899
0.00010899
0.00010899
0.00010899
0.00010899
0.00010899
0.00010899
0.00010899
0.00010899
0.00010899
0.00010899
0.00010899
0.00010899
0.00010899
0.00010899
0.00010899
0.00010899
0.00010899
0.00010899
0.00010899
0.00010899
0.00010899
0.00010899
0.00010899
0.00010899
0.00010899
0.00010899
0.00010899
0.00010899
0.00010899
0.00010899
0.00010899
0.00010899
0.00010899
0.00010899
0.00010899
0.00010899
0.00010899
0.00010899
0.00010899
0.00010899
0.00010899
0.00010899
0.00010899
0.00010899
0.00010899
0.00010899
0.00010899
0.00010899
0.00010899
0.00010899
0.00010899
0.00010899
0.00010899
0.00010899
0.00010899
0.00010899
0.00010899
0.00010899
0.00010899
0.00010899
0.00010899
0.00010899
0.00010899
0.00010899
0.00010899
0.00010899
0.00010899
0.00010899
0.00010899
0.00010899
0.00010899
0.00010899
0.00010899
0.00010899
0.00010899
0.00010899
0.00010899
0.00010899
0.00010899
0.00010899
0.00010899
0.00010899
0.00010899
0.00010899
0.00010899
0.00010899
0.00010898
0.00010898
0.00010898
0.00010898
0.00010898
0.00010898
0.00010898
0.00010898
0.00010898
0.00010898
0.00010898
0.00010898
0.00010898
0.00010898
0.00010898
0.00010898
0.00010898
0.00010898
0.00010898
0.00010898
0.00010898
0.00010898
0.00010898
0.00010898
0.00010898
0.00010898
0.00010898
0.00010898
0.00010898
0.00010898
0.00010898
0.00010898
0.00010898
0.00010898
0.00010898
0.00010898
0.00010898
0.00010898
0.00010898
0.00010898
0.00010898
0.00010898
0.00010898
0.00010898
0.00010898
0.00010898
0.00010898
0.00010898
0.00010898
0.00010898
0.00010898
0.00010898
0.00010898
0.00010898
0.00010898
0.00010898
0.00010898
0.00010898
0.00010898
0.00010898
0.00010898
0.00010898
0.00010898
0.00010898
0.00010898
0.00010898
0.00010898
0.00010898
0.00010898
0.00010898
0.00010898
0.00010898
0.00010898
0.00010898
0.00010898
0.00010898
0.00010898
0.00010898
0.00010898
0.00010898
0.00010898
0.00010898
0.00010898
0.00010898
0.00010898
0.00010898
0.00010898
0.00010898
0.00010898
0.00010898
0.00010898
0.00010898
0.00010898
0.00010898
0.00010898
0.00010898
0.00010898
0.00010898
0.00010898
0.00010898
0.00010897
0.00010897
0.00010897
0.00010897
0.00010897
0.00010897
0.00010897
0.00010897
0.00010897
0.00010897
0.00010897
0.00010897
0.00010897
0.00010897
0.00010897
0.00010897
0.00010897
0.00010897
0.00010897
0.00010897
0.00010897
0.00010897
0.00010897
0.00010897
0.00010897
0.00010897
0.00010897
0.00010897
0.00010897
0.00010897
0.00010897
0.00010897
0.00010897
0.00010897
0.00010897
0.00010897
0.00010897
0.00010897
0.00010897
0.00010897
0.00010897
0.00010897
0.00010897
0.00010897
0.00010897
0.00010897
0.00010897
0.00010897
0.00010897
0.00010897
0.00010897
0.00010897
0.00010897
0.00010897
0.00010897
0.00010897
0.00010897
0.00010897
0.00010897
0.00010897
0.00010897
0.00010897
0.00010897
0.00010897
0.00010897
0.00010897
0.00010897
0.00010897
0.00010897
0.00010897
0.00010897
0.00010897
0.00010897
0.00010897
0.00010897
0.00010897
0.00010897
0.00010897
0.00010897
0.00010897
0.00010897
0.00010897
0.00010897
0.00010897
0.00010897
0.00010897
0.00010897
0.00010897
0.00010897
0.00010897
0.00010897
0.00010897
0.00010897
0.00010897
0.00010897
0.00010897
0.00010897
0.00010897
0.00010897
0.00010897
0.00010896
0.00010896
0.00010896
0.00010896
0.00010896
0.00010896
0.00010896
0.00010896
0.00010896
0.00010896
0.00010896
0.00010896
0.00010896
0.00010896
0.00010896
0.00010896
0.00010896
0.00010896
0.00010896
0.00010896
0.00010896
0.00010896
0.00010896
0.00010896
0.00010896
0.00010896
0.00010896
0.00010896
0.00010896
0.00010896
0.00010896
0.00010896
0.00010896
0.00010896
0.00010896
0.00010896
0.00010896
0.00010896
0.00010896
0.00010896
0.00010896
0.00010896
0.00010896
0.00010896
0.00010896
0.00010896
0.00010896
0.00010896
0.00010896
0.00010896
0.00010896
0.00010896
0.00010896
0.00010896
0.00010896
0.00010896
0.00010896
0.00010896
0.00010896
0.00010896
0.00010896
0.00010896
0.00010896
0.00010896
0.00010896
0.00010896
0.00010896
0.00010896
0.00010896
0.00010896
0.00010896
0.00010896
0.00010896
0.00010896
0.00010896
0.00010896
0.00010896
0.00010896
0.00010896
0.00010896
0.00010896
0.00010896
0.00010896
0.00010896
0.00010896
0.00010896
0.00010896
0.00010896
0.00010896
0.00010896
0.00010896
0.00010896
0.00010896
0.00010896
0.00010896
0.00010896
0.00010896
0.00010896
0.00010896
0.00010896
0.00010895
0.00010895
0.00010895
0.00010895
0.00010895
0.00010895
0.00010895
0.00010895
0.00010895
0.00010895
0.00010895
0.00010895
0.00010895
0.00010895
0.00010895
0.00010895
0.00010895
0.00010895
0.00010895
0.00010895
0.00010895
0.00010895
0.00010895
0.00010895
0.00010895
0.00010895
0.00010895
0.00010895
0.00010895
0.00010895
0.00010895
0.00010895
0.00010895
0.00010895
0.00010895
0.00010895
0.00010895
0.00010895
0.00010895
0.00010895
0.00010895
0.00010895
0.00010895
0.00010895
0.00010895
0.00010895
0.00010895
0.00010895
0.00010895
0.00010895
0.00010895
0.00010895
0.00010895
0.00010895
0.00010895
0.00010895
0.00010895
0.00010895
0.00010895
0.00010895
0.00010895
0.00010895
0.00010895
0.00010895
0.00010895
0.00010895
0.00010895
0.00010895
0.00010895
0.00010895
0.00010895
0.00010895
0.00010895
0.00010895
0.00010895
0.00010895
0.00010895
0.00010895
0.00010895
0.00010895
0.00010895
0.00010895
0.00010895
0.00010895
0.00010895
0.00010895
0.00010895
0.00010895
0.00010895
0.00010895
0.00010895
0.00010895
0.00010895
0.00010895
0.00010895
0.00010895
0.00010895
0.00010895
0.00010895
0.00010895
0.00010894
0.00010894
0.00010894
0.00010894
0.00010894
0.00010894
0.00010894
0.00010894
0.00010894
0.00010894
0.00010894
0.00010894
0.00010894
0.00010894
0.00010894
0.00010894
0.00010894
0.00010894
0.00010894
0.00010894
0.00010894
0.00010894
0.00010894
0.00010894
0.00010894
0.00010894
0.00010894
0.00010894
0.00010894
0.00010894
0.00010894
0.00010894
0.00010894
0.00010894
0.00010894
0.00010894
0.00010894
0.00010894
0.00010894
0.00010894
0.00010894
0.00010894
0.00010894
0.00010894
0.00010894
0.00010894
0.00010894
0.00010894
0.00010894
0.00010894
0.00010894
0.00010894
0.00010894
0.00010894
0.00010894
0.00010894
0.00010894
0.00010894
0.00010894
0.00010894
0.00010894
0.00010894
0.00010894
0.00010894
0.00010894
0.00010894
0.00010894
0.00010894
0.00010894
0.00010894
0.00010894
0.00010894
0.00010894
0.00010894
0.00010894
0.00010894
0.00010894
0.00010894
0.00010894
0.00010894
0.00010894
0.00010894
0.00010894
0.00010894
0.00010894
0.00010894
0.00010894
0.00010894
0.00010894
0.00010894
0.00010894
0.00010894
0.00010894
0.00010894
0.00010894
0.00010894
0.00010894
0.00010894
0.00010894
0.00010894
0.00010893
0.00010893
0.00010893
0.00010893
0.00010893
0.00010893
0.00010893
0.00010893
0.00010893
0.00010893
0.00010893
0.00010893
0.00010893
0.00010893
0.00010893
0.00010893
0.00010893
0.00010893
0.00010893
0.00010893
0.00010893
0.00010893
0.00010893
0.00010893
0.00010893
0.00010893
0.00010893
0.00010893
0.00010893
0.00010893
0.00010893
0.00010893
0.00010893
0.00010893
0.00010893
0.00010893
0.00010893
0.00010893
0.00010893
0.00010893
0.00010893
0.00010893
0.00010893
0.00010893
0.00010893
0.00010893
0.00010893
0.00010893
0.00010893
0.00010893
0.00010893
0.00010893
0.00010893
0.00010893
0.00010893
0.00010893
0.00010893
0.00010893
0.00010893
0.00010893
0.00010893
0.00010893
0.00010893
0.00010893
0.00010893
0.00010893
0.00010893
0.00010893
0.00010893
0.00010893
0.00010893
0.00010893
0.00010893
0.00010893
0.00010893
0.00010893
0.00010893
0.00010893
0.00010893
0.00010893
0.00010893
0.00010893
0.00010893
0.00010893
0.00010893
0.00010893
0.00010893
0.00010893
0.00010893
0.00010893
0.00010893
0.00010893
0.00010893
0.00010893
0.00010893
0.00010893
0.00010893
0.00010893
0.00010893
0.00010893
0.00010892
0.00010892
0.00010892
0.00010892
0.00010892
0.00010892
0.00010892
0.00010892
0.00010892
0.00010892
0.00010892
0.00010892
0.00010892
0.00010892
0.00010892
0.00010892
0.00010892
0.00010892
0.00010892
0.00010892
0.00010892
0.00010892
0.00010892
0.00010892
0.00010892
0.00010892
0.00010892
0.00010892
0.00010892
0.00010892
0.00010892
0.00010892
0.00010892
0.00010892
0.00010892
0.00010892
0.00010892
0.00010892
0.00010892
0.00010892
0.00010892
0.00010892
0.00010892
0.00010892
0.00010892
0.00010892
0.00010892
0.00010892
0.00010892
0.00010892
0.00010892
0.00010892
0.00010892
0.00010892
0.00010892
0.00010892
0.00010892
0.00010892
0.00010892
0.00010892
0.00010892
0.00010892
0.00010892
0.00010892
0.00010892
0.00010892
0.00010892
0.00010892
0.00010892
0.00010892
0.00010892
0.00010892
0.00010892
0.00010892
0.00010892
0.00010892
0.00010892
0.00010892
0.00010892
0.00010892
0.00010892
0.00010892
0.00010892
0.00010892
0.00010892
0.00010892
0.00010892
0.00010892
0.00010892
0.00010892
0.00010892
0.00010892
0.00010892
0.00010892
0.00010892
0.00010892
0.00010892
0.00010892
0.00010892
0.00010892
0.00010891
0.00010891
0.00010891
0.00010891
0.00010891
0.00010891
0.00010891
0.00010891
0.00010891
0.00010891
0.00010891
0.00010891
0.00010891
0.00010891
0.00010891
0.00010891
0.00010891
0.00010891
0.00010891
0.00010891
0.00010891
0.00010891
0.00010891
0.00010891
0.00010891
0.00010891
0.00010891
0.00010891
0.00010891
0.00010891
0.00010891
0.00010891
0.00010891
0.00010891
0.00010891
0.00010891
0.00010891
0.00010891
0.00010891
0.00010891
0.00010891
0.00010891
0.00010891
0.00010891
0.00010891
0.00010891
0.00010891
0.00010891
0.00010891
0.00010891
0.00010891
0.00010891
0.00010891
0.00010891
0.00010891
0.00010891
0.00010891
0.00010891
0.00010891
0.00010891
0.00010891
0.00010891
0.00010891
0.00010891
0.00010891
0.00010891
0.00010891
0.00010891
0.00010891
0.00010891
0.00010891
0.00010891
0.00010891
0.00010891
0.00010891
0.00010891
0.00010891
0.00010891
0.00010891
0.00010891
0.00010891
0.00010891
0.00010891
0.00010891
0.00010891
0.00010891
0.00010891
0.00010891
0.00010891
0.00010891
0.00010891
0.00010891
0.00010891
0.00010891
0.00010891
0.00010891
0.00010891
0.00010891
0.00010891
0.00010891
0.00010890
0.00010890
0.00010890
0.00010890
0.00010890
0.00010890
0.00010890
0.00010890
0.00010890
0.00010890
0.00010890
0.00010890
0.00010890
0.00010890
0.00010890
0.00010890
0.00010890
0.00010890
0.00010890
0.00010890
0.00010890
0.00010890
0.00010890
0.00010890
0.00010890
0.00010890
0.00010890
0.00010890
0.00010890
0.00010890
0.00010890
0.00010890
0.00010890
0.00010890
0.00010890
0.00010890
0.00010890
0.00010890
0.00010890
0.00010890
0.00010890
0.00010890
0.00010890
0.00010890
0.00010890
0.00010890
0.00010890
0.00010890
0.00010890
0.00010890
0.00010890
0.00010890
0.00010890
0.00010890
0.00010890
0.00010890
0.00010890
0.00010890
0.00010890
0.00010890
0.00010890
0.00010890
0.00010890
0.00010890
0.00010890
0.00010890
0.00010890
0.00010890
0.00010890
0.00010890
0.00010890
0.00010890
0.00010890
0.00010890
0.00010890
0.00010890
0.00010890
0.00010890
0.00010890
0.00010890
0.00010890
0.00010890
0.00010890
0.00010890
0.00010890
0.00010890
0.00010890
0.00010890
0.00010890
0.00010890
0.00010890
0.00010890
0.00010890
0.00010890
0.00010890
0.00010890
0.00010890
0.00010890
0.00010890
0.00010890
0.00010889
0.00010889
0.00010889
0.00010889
0.00010889
0.00010889
0.00010889
0.00010889
0.00010889
0.00010889
0.00010889
0.00010889
0.00010889
0.00010889
0.00010889
0.00010889
0.00010889
0.00010889
0.00010889
0.00010889
0.00010889
0.00010889
0.00010889
0.00010889
0.00010889
0.00010889
0.00010889
0.00010889
0.00010889
0.00010889
0.00010889
0.00010889
0.00010889
0.00010889
0.00010889
0.00010889
0.00010889
0.00010889
0.00010889
0.00010889
0.00010889
0.00010889
0.00010889
0.00010889
0.00010889
0.00010889
0.00010889
0.00010889
0.00010889
0.00010889
0.00010889
0.00010889
0.00010889
0.00010889
0.00010889
0.00010889
0.00010889
0.00010889
0.00010889
0.00010889
0.00010889
0.00010889
0.00010889
0.00010889
0.00010889
0.00010889
0.00010889
0.00010889
0.00010889
0.00010889
0.00010889
0.00010889
0.00010889
0.00010889
0.00010889
0.00010889
0.00010889
0.00010889
0.00010889
0.00010889
0.00010889
0.00010889
0.00010889
0.00010889
0.00010889
0.00010889
0.00010889
0.00010889
0.00010889
0.00010889
0.00010889
0.00010889
0.00010889
0.00010889
0.00010889
0.00010889
0.00010889
0.00010889
0.00010889
0.00010889
0.00010888
0.00010888
0.00010888
0.00010888
0.00010888
0.00010888
0.00010888
0.00010888
0.00010888
0.00010888
0.00010888
0.00010888
0.00010888
0.00010888
0.00010888
0.00010888
0.00010888
0.00010888
0.00010888
0.00010888
0.00010888
0.00010888
0.00010888
0.00010888
0.00010888
0.00010888
0.00010888
0.00010888
0.00010888
0.00010888
0.00010888
0.00010888
0.00010888
0.00010888
0.00010888
0.00010888
0.00010888
0.00010888
0.00010888
0.00010888
0.00010888
0.00010888
0.00010888
0.00010888
0.00010888
0.00010888
0.00010888
0.00010888
0.00010888
0.00010888
0.00010888
0.00010888
0.00010888
0.00010888
0.00010888
0.00010888
0.00010888
0.00010888
0.00010888
0.00010888
0.00010888
0.00010888
0.00010888
0.00010888
0.00010888
0.00010888
0.00010888
0.00010888
0.00010888
0.00010888
0.00010888
0.00010888
0.00010888
0.00010888
0.00010888
0.00010888
0.00010888
0.00010888
0.00010888
0.00010888
0.00010888
0.00010888
0.00010888
0.00010888
0.00010888
0.00010888
0.00010888
0.00010888
0.00010888
0.00010888
0.00010888
0.00010888
0.00010888
0.00010888
0.00010888
0.00010888
0.00010888
0.00010888
0.00010888
0.00010888
0.00010887
0.00010887
0.00010887
0.00010887
0.00010887
0.00010887
0.00010887
0.00010887
0.00010887
0.00010887
0.00010887
0.00010887
0.00010887
0.00010887
0.00010887
0.00010887
0.00010887
0.00010887
0.00010887
0.00010887
0.00010887
0.00010887
0.00010887
0.00010887
0.00010887
0.00010887
0.00010887
0.00010887
0.00010887
0.00010887
0.00010887
0.00010887
0.00010887
0.00010887
0.00010887
0.00010887
0.00010887
0.00010887
0.00010887
0.00010887
0.00010887
0.00010887
0.00010887
0.00010887
0.00010887
0.00010887
0.00010887
0.00010887
0.00010887
0.00010887
0.00010887
0.00010887
0.00010887
0.00010887
0.00010887
0.00010887
0.00010887
0.00010887
0.00010887
0.00010887
0.00010887
0.00010887
0.00010887
0.00010887
0.00010887
0.00010887
0.00010887
0.00010887
0.00010887
0.00010887
0.00010887
0.00010887
0.00010887
0.00010887
0.00010887
0.00010887
0.00010887
0.00010887
0.00010887
0.00010887
0.00010887
0.00010887
0.00010887
0.00010887
0.00010887
0.00010887
0.00010887
0.00010887
0.00010887
0.00010887
0.00010887
0.00010887
0.00010887
0.00010887
0.00010887
0.00010887
0.00010887
0.00010887
0.00010887
0.00010887
0.00010886
0.00010886
0.00010886
0.00010886
0.00010886
0.00010886
0.00010886
0.00010886
0.00010886
0.00010886
0.00010886
0.00010886
0.00010886
0.00010886
0.00010886
0.00010886
0.00010886
0.00010886
0.00010886
0.00010886
0.00010886
0.00010886
0.00010886
0.00010886
0.00010886
0.00010886
0.00010886
0.00010886
0.00010886
0.00010886
0.00010886
0.00010886
0.00010886
0.00010886
0.00010886
0.00010886
0.00010886
0.00010886
0.00010886
0.00010886
0.00010886
0.00010886
0.00010886
0.00010886
0.00010886
0.00010886
0.00010886
0.00010886
0.00010886
0.00010886
0.00010886
0.00010886
0.00010886
0.00010886
0.00010886
0.00010886
0.00010886
0.00010886
0.00010886
0.00010886
0.00010886
0.00010886
0.00010886
0.00010886
0.00010886
0.00010886
0.00010886
0.00010886
0.00010886
0.00010886
0.00010886
0.00010886
0.00010886
0.00010886
0.00010886
0.00010886
0.00010886
0.00010886
0.00010886
0.00010886
0.00010886
0.00010886
0.00010886
0.00010886
0.00010886
0.00010886
0.00010886
0.00010886
0.00010886
0.00010886
0.00010886
0.00010886
0.00010886
0.00010886
0.00010886
0.00010886
0.00010886
0.00010886
0.00010886
0.00010886
0.00010885
0.00010885
0.00010885
0.00010885
0.00010885
0.00010885
0.00010885
0.00010885
0.00010885
0.00010885
0.00010885
0.00010885
0.00010885
0.00010885
0.00010885
0.00010885
0.00010885
0.00010885
0.00010885
0.00010885
0.00010885
0.00010885
0.00010885
0.00010885
0.00010885
0.00010885
0.00010885
0.00010885
0.00010885
0.00010885
0.00010885
0.00010885
0.00010885
0.00010885
0.00010885
0.00010885
0.00010885
0.00010885
0.00010885
0.00010885
0.00010885
0.00010885
0.00010885
0.00010885
0.00010885
0.00010885
0.00010885
0.00010885
0.00010885
0.00010885
0.00010885
0.00010885
0.00010885
0.00010885
0.00010885
0.00010885
0.00010885
0.00010885
0.00010885
0.00010885
0.00010885
0.00010885
0.00010885
0.00010885
0.00010885
0.00010885
0.00010885
0.00010885
0.00010885
0.00010885
0.00010885
0.00010885
0.00010885
0.00010885
0.00010885
0.00010885
0.00010885
0.00010885
0.00010885
0.00010885
0.00010885
0.00010885
0.00010885
0.00010885
0.00010885
0.00010885
0.00010885
0.00010885
0.00010885
0.00010885
0.00010885
0.00010885
0.00010885
0.00010885
0.00010885
0.00010885
0.00010885
0.00010885
0.00010885
0.00010885
0.00010884
0.00010884
0.00010884
0.00010884
0.00010884
0.00010884
0.00010884
0.00010884
0.00010884
0.00010884
0.00010884
0.00010884
0.00010884
0.00010884
0.00010884
0.00010884
0.00010884
0.00010884
0.00010884
0.00010884
0.00010884
0.00010884
0.00010884
0.00010884
0.00010884
0.00010884
0.00010884
0.00010884
0.00010884
0.00010884
0.00010884
0.00010884
0.00010884
0.00010884
0.00010884
0.00010884
0.00010884
0.00010884
0.00010884
0.00010884
0.00010884
0.00010884
0.00010884
0.00010884
0.00010884
0.00010884
0.00010884
0.00010884
0.00010884
0.00010884
0.00010884
0.00010884
0.00010884
0.00010884
0.00010884
0.00010884
0.00010884
0.00010884
0.00010884
0.00010884
0.00010884
0.00010884
0.00010884
0.00010884
0.00010884
0.00010884
0.00010884
0.00010884
0.00010884
0.00010884
0.00010884
0.00010884
0.00010884
0.00010884
0.00010884
0.00010884
0.00010884
0.00010884
0.00010884
0.00010884
0.00010884
0.00010884
0.00010884
0.00010884
0.00010884
0.00010884
0.00010884
0.00010884
0.00010884
0.00010884
0.00010884
0.00010884
0.00010884
0.00010884
0.00010884
0.00010884
0.00010884
0.00010884
0.00010884
0.00010884
0.00010883
0.00010883
0.00010883
0.00010883
0.00010883
0.00010883
0.00010883
0.00010883
0.00010883
0.00010883
0.00010883
0.00010883
0.00010883
0.00010883
0.00010883
0.00010883
0.00010883
0.00010883
0.00010883
0.00010883
0.00010883
0.00010883
0.00010883
0.00010883
0.00010883
0.00010883
0.00010883
0.00010883
0.00010883
0.00010883
0.00010883
0.00010883
0.00010883
0.00010883
0.00010883
0.00010883
0.00010883
0.00010883
0.00010883
0.00010883
0.00010883
0.00010883
0.00010883
0.00010883
0.00010883
0.00010883
0.00010883
0.00010883
0.00010883
0.00010883
0.00010883
0.00010883
0.00010883
0.00010883
0.00010883
0.00010883
0.00010883
0.00010883
0.00010883
0.00010883
0.00010883
0.00010883
0.00010883
0.00010883
0.00010883
0.00010883
0.00010883
0.00010883
0.00010883
0.00010883
0.00010883
0.00010883
0.00010883
0.00010883
0.00010883
0.00010883
0.00010883
0.00010883
0.00010883
0.00010883
0.00010883
0.00010883
0.00010883
0.00010883
0.00010883
0.00010883
0.00010883
0.00010883
0.00010883
0.00010883
0.00010883
0.00010883
0.00010883
0.00010883
0.00010883
0.00010883
0.00010883
0.00010883
0.00010883
0.00010883
0.00010882
0.00010882
0.00010882
0.00010882
0.00010882
0.00010882
0.00010882
0.00010882
0.00010882
0.00010882
0.00010882
0.00010882
0.00010882
0.00010882
0.00010882
0.00010882
0.00010882
0.00010882
0.00010882
0.00010882
0.00010882
0.00010882
0.00010882
0.00010882
0.00010882
0.00010882
0.00010882
0.00010882
0.00010882
0.00010882
0.00010882
0.00010882
0.00010882
0.00010882
0.00010882
0.00010882
0.00010882
0.00010882
0.00010882
0.00010882
0.00010882
0.00010882
0.00010882
0.00010882
0.00010882
0.00010882
0.00010882
0.00010882
0.00010882
0.00010882
0.00010882
0.00010882
0.00010882
0.00010882
0.00010882
0.00010882
0.00010882
0.00010882
0.00010882
0.00010882
0.00010882
0.00010882
0.00010882
0.00010882
0.00010882
0.00010882
0.00010882
0.00010882
0.00010882
0.00010882
0.00010882
0.00010882
0.00010882
0.00010882
0.00010882
0.00010882
0.00010882
0.00010882
0.00010882
0.00010882
0.00010882
0.00010882
0.00010882
0.00010882
0.00010882
0.00010882
0.00010882
0.00010882
0.00010882
0.00010882
0.00010882
0.00010882
0.00010882
0.00010882
0.00010882
0.00010882
0.00010882
0.00010882
0.00010882
0.00010882
0.00010881
0.00010881
0.00010881
0.00010881
0.00010881
0.00010881
0.00010881
0.00010881
0.00010881
0.00010881
0.00010881
0.00010881
0.00010881
0.00010881
0.00010881
0.00010881
0.00010881
0.00010881
0.00010881
0.00010881
0.00010881
0.00010881
0.00010881
0.00010881
0.00010881
0.00010881
0.00010881
0.00010881
0.00010881
0.00010881
0.00010881
0.00010881
0.00010881
0.00010881
0.00010881
0.00010881
0.00010881
0.00010881
0.00010881
0.00010881
0.00010881
0.00010881
0.00010881
0.00010881
0.00010881
0.00010881
0.00010881
0.00010881
0.00010881
0.00010881
0.00010881
0.00010881
0.00010881
0.00010881
0.00010881
0.00010881
0.00010881
0.00010881
0.00010881
0.00010881
0.00010881
0.00010881
0.00010881
0.00010881
0.00010881
0.00010881
0.00010881
0.00010881
0.00010881
0.00010881
0.00010881
0.00010881
0.00010881
0.00010881
0.00010881
0.00010881
0.00010881
0.00010881
0.00010881
0.00010881
0.00010881
0.00010881
0.00010881
0.00010881
0.00010881
0.00010881
0.00010881
0.00010881
0.00010881
0.00010881
0.00010881
0.00010881
0.00010881
0.00010881
0.00010881
0.00010881
0.00010881
0.00010881
0.00010881
0.00010881
0.00010880
0.00010880
0.00010880
0.00010880
0.00010880
0.00010880
0.00010880
0.00010880
0.00010880
0.00010880
0.00010880
0.00010880
0.00010880
0.00010880
0.00010880
0.00010880
0.00010880
0.00010880
0.00010880
0.00010880
0.00010880
0.00010880
0.00010880
0.00010880
0.00010880
0.00010880
0.00010880
0.00010880
0.00010880
0.00010880
0.00010880
0.00010880
0.00010880
0.00010880
0.00010880
0.00010880
0.00010880
0.00010880
0.00010880
0.00010880
0.00010880
0.00010880
0.00010880
0.00010880
0.00010880
0.00010880
0.00010880
0.00010880
0.00010880
0.00010880
0.00010880
0.00010880
0.00010880
0.00010880
0.00010880
0.00010880
0.00010880
0.00010880
0.00010880
0.00010880
0.00010880
0.00010880
0.00010880
0.00010880
0.00010880
0.00010880
0.00010880
0.00010880
0.00010880
0.00010880
0.00010880
0.00010880
0.00010880
0.00010880
0.00010880
0.00010880
0.00010880
0.00010880
0.00010880
0.00010880
0.00010880
0.00010880
0.00010880
0.00010880
0.00010880
0.00010880
0.00010880
0.00010880
0.00010880
0.00010880
0.00010880
0.00010880
0.00010880
0.00010880
0.00010880
0.00010880
0.00010880
0.00010880
0.00010880
0.00010880
0.00010879
0.00010879
0.00010879
0.00010879
0.00010879
0.00010879
0.00010879
0.00010879
0.00010879
0.00010879
0.00010879
0.00010879
0.00010879
0.00010879
0.00010879
0.00010879
0.00010879
0.00010879
0.00010879
0.00010879
0.00010879
0.00010879
0.00010879
0.00010879
0.00010879
0.00010879
0.00010879
0.00010879
0.00010879
0.00010879
0.00010879
0.00010879
0.00010879
0.00010879
0.00010879
0.00010879
0.00010879
0.00010879
0.00010879
0.00010879
0.00010879
0.00010879
0.00010879
0.00010879
0.00010879
0.00010879
0.00010879
0.00010879
0.00010879
0.00010879
0.00010879
0.00010879
0.00010879
0.00010879
0.00010879
0.00010879
0.00010879
0.00010879
0.00010879
0.00010879
0.00010879
0.00010879
0.00010879
0.00010879
0.00010879
0.00010879
0.00010879
0.00010879
0.00010879
0.00010879
0.00010879
0.00010879
0.00010879
0.00010879
0.00010879
0.00010879
0.00010879
0.00010879
0.00010879
0.00010879
0.00010879
0.00010879
0.00010879
0.00010879
0.00010879
0.00010879
0.00010879
0.00010879
0.00010879
0.00010879
0.00010879
0.00010879
0.00010879
0.00010879
0.00010879
0.00010879
0.00010879
0.00010879
0.00010879
0.00010879
0.00010878
0.00010878
0.00010878
0.00010878
0.00010878
0.00010878
0.00010878
0.00010878
0.00010878
0.00010878
0.00010878
0.00010878
0.00010878
0.00010878
0.00010878
0.00010878
0.00010878
0.00010878
0.00010878
0.00010878
0.00010878
0.00010878
0.00010878
0.00010878
0.00010878
0.00010878
0.00010878
0.00010878
0.00010878
0.00010878
0.00010878
0.00010878
0.00010878
0.00010878
0.00010878
0.00010878
0.00010878
0.00010878
0.00010878
0.00010878
0.00010878
0.00010878
0.00010878
0.00010878
0.00010878
0.00010878
0.00010878
0.00010878
0.00010878
0.00010878
0.00010878
0.00010878
0.00010878
0.00010878
0.00010878
0.00010878
0.00010878
0.00010878
0.00010878
0.00010878
0.00010878
0.00010878
0.00010878
0.00010878
0.00010878
0.00010878
0.00010878
0.00010878
0.00010878
0.00010878
0.00010878
0.00010878
0.00010878
0.00010878
0.00010878
0.00010878
0.00010878
0.00010878
0.00010878
0.00010878
0.00010878
0.00010878
0.00010878
0.00010878
0.00010878
0.00010878
0.00010878
0.00010878
0.00010878
0.00010878
0.00010878
0.00010878
0.00010878
0.00010878
0.00010878
0.00010878
0.00010878
0.00010878
0.00010878
0.00010878
0.00010877
0.00010877
0.00010877
0.00010877
0.00010877
0.00010877
0.00010877
0.00010877
0.00010877
0.00010877
0.00010877
0.00010877
0.00010877
0.00010877
0.00010877
0.00010877
0.00010877
0.00010877
0.00010877
0.00010877
0.00010877
0.00010877
0.00010877
0.00010877
0.00010877
0.00010877
0.00010877
0.00010877
0.00010877
0.00010877
0.00010877
0.00010877
0.00010877
0.00010877
0.00010877
0.00010877
0.00010877
0.00010877
0.00010877
0.00010877
0.00010877
0.00010877
0.00010877
0.00010877
0.00010877
0.00010877
0.00010877
0.00010877
0.00010877
0.00010877
0.00010877
0.00010877
0.00010877
0.00010877
0.00010877
0.00010877
0.00010877
0.00010877
0.00010877
0.00010877
0.00010877
0.00010877
0.00010877
0.00010877
0.00010877
0.00010877
0.00010877
0.00010877
0.00010877
0.00010877
0.00010877
0.00010877
0.00010877
0.00010877
0.00010877
0.00010877
0.00010877
0.00010877
0.00010877
0.00010877
0.00010877
0.00010877
0.00010877
0.00010877
0.00010877
0.00010877
0.00010877
0.00010877
0.00010877
0.00010877
0.00010877
0.00010877
0.00010877
0.00010877
0.00010877
0.00010877
0.00010877
0.00010877
0.00010877
0.00010877
0.00010876
0.00010876
0.00010876
0.00010876
0.00010876
0.00010876
0.00010876
0.00010876
0.00010876
0.00010876
0.00010876
0.00010876
0.00010876
0.00010876
0.00010876
0.00010876
0.00010876
0.00010876
0.00010876
0.00010876
0.00010876
0.00010876
0.00010876
0.00010876
0.00010876
0.00010876
0.00010876
0.00010876
0.00010876
0.00010876
0.00010876
0.00010876
0.00010876
0.00010876
0.00010876
0.00010876
0.00010876
0.00010876
0.00010876
0.00010876
0.00010876
0.00010876
0.00010876
0.00010876
0.00010876
0.00010876
0.00010876
0.00010876
0.00010876
0.00010876
0.00010876
0.00010876
0.00010876
0.00010876
0.00010876
0.00010876
0.00010876
0.00010876
0.00010876
0.00010876
0.00010876
0.00010876
0.00010876
0.00010876
0.00010876
0.00010876
0.00010876
0.00010876
0.00010876
0.00010876
0.00010876
0.00010876
0.00010876
0.00010876
0.00010876
0.00010876
0.00010876
0.00010876
0.00010876
0.00010876
0.00010876
0.00010876
0.00010876
0.00010876
0.00010876
0.00010876
0.00010876
0.00010876
0.00010876
0.00010876
0.00010876
0.00010876
0.00010876
0.00010876
0.00010876
0.00010876
0.00010876
0.00010876
0.00010876
0.00010876
0.00010875
0.00010875
0.00010875
0.00010875
0.00010875
0.00010875
0.00010875
0.00010875
0.00010875
0.00010875
0.00010875
0.00010875
0.00010875
0.00010875
0.00010875
0.00010875
0.00010875
0.00010875
0.00010875
0.00010875
0.00010875
0.00010875
0.00010875
0.00010875
0.00010875
0.00010875
0.00010875
0.00010875
0.00010875
0.00010875
0.00010875
0.00010875
0.00010875
0.00010875
0.00010875
0.00010875
0.00010875
0.00010875
0.00010875
0.00010875
0.00010875
0.00010875
0.00010875
0.00010875
0.00010875
0.00010875
0.00010875
0.00010875
0.00010875
0.00010875
0.00010875
0.00010875
0.00010875
0.00010875
0.00010875
0.00010875
0.00010875
0.00010875
0.00010875
0.00010875
0.00010875
0.00010875
0.00010875
0.00010875
0.00010875
0.00010875
0.00010875
0.00010875
0.00010875
0.00010875
0.00010875
0.00010875
0.00010875
0.00010875
0.00010875
0.00010875
0.00010875
0.00010875
0.00010875
0.00010875
0.00010875
0.00010875
0.00010875
0.00010875
0.00010875
0.00010875
0.00010875
0.00010875
0.00010875
0.00010875
0.00010875
0.00010875
0.00010875
0.00010875
0.00010875
0.00010875
0.00010875
0.00010875
0.00010875
0.00010875
0.00010874
0.00010874
0.00010874
0.00010874
0.00010874
0.00010874
0.00010874
0.00010874
0.00010874
0.00010874
0.00010874
0.00010874
0.00010874
0.00010874
0.00010874
0.00010874
0.00010874
0.00010874
0.00010874
0.00010874
0.00010874
0.00010874
0.00010874
0.00010874
0.00010874
0.00010874
0.00010874
0.00010874
0.00010874
0.00010874
0.00010874
0.00010874
0.00010874
0.00010874
0.00010874
0.00010874
0.00010874
0.00010874
0.00010874
0.00010874
0.00010874
0.00010874
0.00010874
0.00010874
0.00010874
0.00010874
0.00010874
0.00010874
0.00010874
0.00010874
0.00010874
0.00010874
0.00010874
0.00010874
0.00010874
0.00010874
0.00010874
0.00010874
0.00010874
0.00010874
0.00010874
0.00010874
0.00010874
0.00010874
0.00010874
0.00010874
0.00010874
0.00010874
0.00010874
0.00010874
0.00010874
0.00010874
0.00010874
0.00010874
0.00010874
0.00010874
0.00010874
0.00010874
0.00010874
0.00010874
0.00010874
0.00010874
0.00010874
0.00010874
0.00010874
0.00010874
0.00010874
0.00010874
0.00010874
0.00010874
0.00010874
0.00010874
0.00010874
0.00010874
0.00010874
0.00010874
0.00010874
0.00010874
0.00010874
0.00010874
0.00010873
0.00010873
0.00010873
0.00010873
0.00010873
0.00010873
0.00010873
0.00010873
0.00010873
0.00010873
0.00010873
0.00010873
0.00010873
0.00010873
0.00010873
0.00010873
0.00010873
0.00010873
0.00010873
0.00010873
0.00010873
0.00010873
0.00010873
0.00010873
0.00010873
0.00010873
0.00010873
0.00010873
0.00010873
0.00010873
0.00010873
0.00010873
0.00010873
0.00010873
0.00010873
0.00010873
0.00010873
0.00010873
0.00010873
0.00010873
0.00010873
0.00010873
0.00010873
0.00010873
0.00010873
0.00010873
0.00010873
0.00010873
0.00010873
0.00010873
0.00010873
0.00010873
0.00010873
0.00010873
0.00010873
0.00010873
0.00010873
0.00010873
0.00010873
0.00010873
0.00010873
0.00010873
0.00010873
0.00010873
0.00010873
0.00010873
0.00010873
0.00010873
0.00010873
0.00010873
0.00010873
0.00010873
0.00010873
0.00010873
0.00010873
0.00010873
0.00010873
0.00010873
0.00010873
0.00010873
0.00010873
0.00010873
0.00010873
0.00010873
0.00010873
0.00010873
0.00010873
0.00010873
0.00010873
0.00010873
0.00010873
0.00010873
0.00010873
0.00010873
0.00010873
0.00010873
0.00010873
0.00010873
0.00010873
0.00010873
0.00010872
0.00010872
0.00010872
0.00010872
0.00010872
0.00010872
0.00010872
0.00010872
0.00010872
0.00010872
0.00010872
0.00010872
0.00010872
0.00010872
0.00010872
0.00010872
0.00010872
0.00010872
0.00010872
0.00010872
0.00010872
0.00010872
0.00010872
0.00010872
0.00010872
0.00010872
0.00010872
0.00010872
0.00010872
0.00010872
0.00010872
0.00010872
0.00010872
0.00010872
0.00010872
0.00010872
0.00010872
0.00010872
0.00010872
0.00010872
0.00010872
0.00010872
0.00010872
0.00010872
0.00010872
0.00010872
0.00010872
0.00010872
0.00010872
0.00010872
0.00010872
0.00010872
0.00010872
0.00010872
0.00010872
0.00010872
0.00010872
0.00010872
0.00010872
0.00010872
0.00010872
0.00010872
0.00010872
0.00010872
0.00010872
0.00010872
0.00010872
0.00010872
0.00010872
0.00010872
0.00010872
0.00010872
0.00010872
0.00010872
0.00010872
0.00010872
0.00010872
0.00010872
0.00010872
0.00010872
0.00010872
0.00010872
0.00010872
0.00010872
0.00010872
0.00010872
0.00010872
0.00010872
0.00010872
0.00010872
0.00010872
0.00010872
0.00010872
0.00010872
0.00010872
0.00010872
0.00010872
0.00010872
0.00010872
0.00010872
0.00010871
0.00010871
0.00010871
0.00010871
0.00010871
0.00010871
0.00010871
0.00010871
0.00010871
0.00010871
0.00010871
0.00010871
0.00010871
0.00010871
0.00010871
0.00010871
0.00010871
0.00010871
0.00010871
0.00010871
0.00010871
0.00010871
0.00010871
0.00010871
0.00010871
0.00010871
0.00010871
0.00010871
0.00010871
0.00010871
0.00010871
0.00010871
0.00010871
0.00010871
0.00010871
0.00010871
0.00010871
0.00010871
0.00010871
0.00010871
0.00010871
0.00010871
0.00010871
0.00010871
0.00010871
0.00010871
0.00010871
0.00010871
0.00010871
0.00010871
0.00010871
0.00010871
0.00010871
0.00010871
0.00010871
0.00010871
0.00010871
0.00010871
0.00010871
0.00010871
0.00010871
0.00010871
0.00010871
0.00010871
0.00010871
0.00010871
0.00010871
0.00010871
0.00010871
0.00010871
0.00010871
0.00010871
0.00010871
0.00010871
0.00010871
0.00010871
0.00010871
0.00010871
0.00010871
0.00010871
0.00010871
0.00010871
0.00010871
0.00010871
0.00010871
0.00010871
0.00010871
0.00010871
0.00010871
0.00010871
0.00010871
0.00010871
0.00010871
0.00010871
0.00010871
0.00010871
0.00010871
0.00010871
0.00010871
0.00010871
0.00010870
0.00010870
0.00010870
0.00010870
0.00010870
0.00010870
0.00010870
0.00010870
0.00010870
0.00010870
0.00010870
0.00010870
0.00010870
0.00010870
0.00010870
0.00010870
0.00010870
0.00010870
0.00010870
0.00010870
0.00010870
0.00010870
0.00010870
0.00010870
0.00010870
0.00010870
0.00010870
0.00010870
0.00010870
0.00010870
0.00010870
0.00010870
0.00010870
0.00010870
0.00010870
0.00010870
0.00010870
0.00010870
0.00010870
0.00010870
0.00010870
0.00010870
0.00010870
0.00010870
0.00010870
0.00010870
0.00010870
0.00010870
0.00010870
0.00010870
0.00010870
0.00010870
0.00010870
0.00010870
0.00010870
0.00010870
0.00010870
0.00010870
0.00010870
0.00010870
0.00010870
0.00010870
0.00010870
0.00010870
0.00010870
0.00010870
0.00010870
0.00010870
0.00010870
0.00010870
0.00010870
0.00010870
0.00010870
0.00010870
0.00010870
0.00010870
0.00010870
0.00010870
0.00010870
0.00010870
0.00010870
0.00010870
0.00010870
0.00010870
0.00010870
0.00010870
0.00010870
0.00010870
0.00010870
0.00010870
0.00010870
0.00010870
0.00010870
0.00010870
0.00010870
0.00010870
0.00010870
0.00010870
0.00010870
0.00010870
0.00010869
0.00010869
0.00010869
0.00010869
0.00010869
0.00010869
0.00010869
0.00010869
0.00010869
0.00010869
0.00010869
0.00010869
0.00010869
0.00010869
0.00010869
0.00010869
0.00010869
0.00010869
0.00010869
0.00010869
0.00010869
0.00010869
0.00010869
0.00010869
0.00010869
0.00010869
0.00010869
0.00010869
0.00010869
0.00010869
0.00010869
0.00010869
0.00010869
0.00010869
0.00010869
0.00010869
0.00010869
0.00010869
0.00010869
0.00010869
0.00010869
0.00010869
0.00010869
0.00010869
0.00010869
0.00010869
0.00010869
0.00010869
0.00010869
0.00010869
0.00010869
0.00010869
0.00010869
0.00010869
0.00010869
0.00010869
0.00010869
0.00010869
0.00010869
0.00010869
0.00010869
0.00010869
0.00010869
0.00010869
0.00010869
0.00010869
0.00010869
0.00010869
0.00010869
0.00010869
0.00010869
0.00010869
0.00010869
0.00010869
0.00010869
0.00010869
0.00010869
0.00010869
0.00010869
0.00010869
0.00010869
0.00010869
0.00010869
0.00010869
0.00010869
0.00010869
0.00010869
0.00010869
0.00010869
0.00010869
0.00010869
0.00010869
0.00010869
0.00010869
0.00010869
0.00010869
0.00010869
0.00010869
0.00010869
0.00010869
0.00010868
0.00010868
0.00010868
0.00010868
0.00010868
0.00010868
0.00010868
0.00010868
0.00010868
0.00010868
0.00010868
0.00010868
0.00010868
0.00010868
0.00010868
0.00010868
0.00010868
0.00010868
0.00010868
0.00010868
0.00010868
0.00010868
0.00010868
0.00010868
0.00010868
0.00010868
0.00010868
0.00010868
0.00010868
0.00010868
0.00010868
0.00010868
0.00010868
0.00010868
0.00010868
0.00010868
0.00010868
0.00010868
0.00010868
0.00010868
0.00010868
0.00010868
0.00010868
0.00010868
0.00010868
0.00010868
0.00010868
0.00010868
0.00010868
0.00010868
0.00010868
0.00010868
0.00010868
0.00010868
0.00010868
0.00010868
0.00010868
0.00010868
0.00010868
0.00010868
0.00010868
0.00010868
0.00010868
0.00010868
0.00010868
0.00010868
0.00010868
0.00010868
0.00010868
0.00010868
0.00010868
0.00010868
0.00010868
0.00010868
0.00010868
0.00010868
0.00010868
0.00010868
0.00010868
0.00010868
0.00010868
0.00010868
0.00010868
0.00010868
0.00010868
0.00010868
0.00010868
0.00010868
0.00010868
0.00010868
0.00010868
0.00010868
0.00010868
0.00010868
0.00010868
0.00010868
0.00010868
0.00010868
0.00010868
0.00010868
0.00010867
0.00010867
0.00010867
0.00010867
0.00010867
0.00010867
0.00010867
0.00010867
0.00010867
0.00010867
0.00010867
0.00010867
0.00010867
0.00010867
0.00010867
0.00010867
0.00010867
0.00010867
0.00010867
0.00010867
0.00010867
0.00010867
0.00010867
0.00010867
0.00010867
0.00010867
0.00010867
0.00010867
0.00010867
0.00010867
0.00010867
0.00010867
0.00010867
0.00010867
0.00010867
0.00010867
0.00010867
0.00010867
0.00010867
0.00010867
0.00010867
0.00010867
0.00010867
0.00010867
0.00010867
0.00010867
0.00010867
0.00010867
0.00010867
0.00010867
0.00010867
0.00010867
0.00010867
0.00010867
0.00010867
0.00010867
0.00010867
0.00010867
0.00010867
0.00010867
0.00010867
0.00010867
0.00010867
0.00010867
0.00010867
0.00010867
0.00010867
0.00010867
0.00010867
0.00010867
0.00010867
0.00010867
0.00010867
0.00010867
0.00010867
0.00010867
0.00010867
0.00010867
0.00010867
0.00010867
0.00010867
0.00010867
0.00010867
0.00010867
0.00010867
0.00010867
0.00010867
0.00010867
0.00010867
0.00010867
0.00010867
0.00010867
0.00010867
0.00010867
0.00010867
0.00010867
0.00010867
0.00010867
0.00010867
0.00010867
0.00010866
0.00010866
0.00010866
0.00010866
0.00010866
0.00010866
0.00010866
0.00010866
0.00010866
0.00010866
0.00010866
0.00010866
0.00010866
0.00010866
0.00010866
0.00010866
0.00010866
0.00010866
0.00010866
0.00010866
0.00010866
0.00010866
0.00010866
0.00010866
0.00010866
0.00010866
0.00010866
0.00010866
0.00010866
0.00010866
0.00010866
0.00010866
0.00010866
0.00010866
0.00010866
0.00010866
0.00010866
0.00010866
0.00010866
0.00010866
0.00010866
0.00010866
0.00010866
0.00010866
0.00010866
0.00010866
0.00010866
0.00010866
0.00010866
0.00010866
0.00010866
0.00010866
0.00010866
0.00010866
0.00010866
0.00010866
0.00010866
0.00010866
0.00010866
0.00010866
0.00010866
0.00010866
0.00010866
0.00010866
0.00010866
0.00010866
0.00010866
0.00010866
0.00010866
0.00010866
0.00010866
0.00010866
0.00010866
0.00010866
0.00010866
0.00010866
0.00010866
0.00010866
0.00010866
0.00010866
0.00010866
0.00010866
0.00010866
0.00010866
0.00010866
0.00010866
0.00010866
0.00010866
0.00010866
0.00010866
0.00010866
0.00010866
0.00010866
0.00010866
0.00010866
0.00010866
0.00010866
0.00010866
0.00010866
0.00010866
0.00010865
0.00010865
0.00010865
0.00010865
0.00010865
0.00010865
0.00010865
0.00010865
0.00010865
0.00010865
0.00010865
0.00010865
0.00010865
0.00010865
0.00010865
0.00010865
0.00010865
0.00010865
0.00010865
0.00010865
0.00010865
0.00010865
0.00010865
0.00010865
0.00010865
0.00010865
0.00010865
0.00010865
0.00010865
0.00010865
0.00010865
0.00010865
0.00010865
0.00010865
0.00010865
0.00010865
0.00010865
0.00010865
0.00010865
0.00010865
0.00010865
0.00010865
0.00010865
0.00010865
0.00010865
0.00010865
0.00010865
0.00010865
0.00010865
0.00010865
0.00010865
0.00010865
0.00010865
0.00010865
0.00010865
0.00010865
0.00010865
0.00010865
0.00010865
0.00010865
0.00010865
0.00010865
0.00010865
0.00010865
0.00010865
0.00010865
0.00010865
0.00010865
0.00010865
0.00010865
0.00010865
0.00010865
0.00010865
0.00010865
0.00010865
0.00010865
0.00010865
0.00010865
0.00010865
0.00010865
0.00010865
0.00010865
0.00010865
0.00010865
0.00010865
0.00010865
0.00010865
0.00010865
0.00010865
0.00010865
0.00010865
0.00010865
0.00010865
0.00010865
0.00010865
0.00010865
0.00010865
0.00010865
0.00010865
0.00010865
0.00010864
0.00010864
0.00010864
0.00010864
0.00010864
0.00010864
0.00010864
0.00010864
0.00010864
0.00010864
0.00010864
0.00010864
0.00010864
0.00010864
0.00010864
0.00010864
0.00010864
0.00010864
0.00010864
0.00010864
0.00010864
0.00010864
0.00010864
0.00010864
0.00010864
0.00010864
0.00010864
0.00010864
0.00010864
0.00010864
0.00010864
0.00010864
0.00010864
0.00010864
0.00010864
0.00010864
0.00010864
0.00010864
0.00010864
0.00010864
0.00010864
0.00010864
0.00010864
0.00010864
0.00010864
0.00010864
0.00010864
0.00010864
0.00010864
0.00010864
0.00010864
0.00010864
0.00010864
0.00010864
0.00010864
0.00010864
0.00010864
0.00010864
0.00010864
0.00010864
0.00010864
0.00010864
0.00010864
0.00010864
0.00010864
0.00010864
0.00010864
0.00010864
0.00010864
0.00010864
0.00010864
0.00010864
0.00010864
0.00010864
0.00010864
0.00010864
0.00010864
0.00010864
0.00010864
0.00010864
0.00010864
0.00010864
0.00010864
0.00010864
0.00010864
0.00010864
0.00010864
0.00010864
0.00010864
0.00010864
0.00010864
0.00010864
0.00010864
0.00010864
0.00010864
0.00010864
0.00010864
0.00010864
0.00010864
0.00010864
0.00010863
0.00010863
0.00010863
0.00010863
0.00010863
0.00010863
0.00010863
0.00010863
0.00010863
0.00010863
0.00010863
0.00010863
0.00010863
0.00010863
0.00010863
0.00010863
0.00010863
0.00010863
0.00010863
0.00010863
0.00010863
0.00010863
0.00010863
0.00010863
0.00010863
0.00010863
0.00010863
0.00010863
0.00010863
0.00010863
0.00010863
0.00010863
0.00010863
0.00010863
0.00010863
0.00010863
0.00010863
0.00010863
0.00010863
0.00010863
0.00010863
0.00010863
0.00010863
0.00010863
0.00010863
0.00010863
0.00010863
0.00010863
0.00010863
0.00010863
0.00010863
0.00010863
0.00010863
0.00010863
0.00010863
0.00010863
0.00010863
0.00010863
0.00010863
0.00010863
0.00010863
0.00010863
0.00010863
0.00010863
0.00010863
0.00010863
0.00010863
0.00010863
0.00010863
0.00010863
0.00010863
0.00010863
0.00010863
0.00010863
0.00010863
0.00010863
0.00010863
0.00010863
0.00010863
0.00010863
0.00010863
0.00010863
0.00010863
0.00010863
0.00010863
0.00010863
0.00010863
0.00010863
0.00010863
0.00010863
0.00010863
0.00010863
0.00010863
0.00010863
0.00010863
0.00010863
0.00010863
0.00010863
0.00010863
0.00010863
0.00010862
0.00010862
0.00010862
0.00010862
0.00010862
0.00010862
0.00010862
0.00010862
0.00010862
0.00010862
0.00010862
0.00010862
0.00010862
0.00010862
0.00010862
0.00010862
0.00010862
0.00010862
0.00010862
0.00010862
0.00010862
0.00010862
0.00010862
0.00010862
0.00010862
0.00010862
0.00010862
0.00010862
0.00010862
0.00010862
0.00010862
0.00010862
0.00010862
0.00010862
0.00010862
0.00010862
0.00010862
0.00010862
0.00010862
0.00010862
0.00010862
0.00010862
0.00010862
0.00010862
0.00010862
0.00010862
0.00010862
0.00010862
0.00010862
0.00010862
0.00010862
0.00010862
0.00010862
0.00010862
0.00010862
0.00010862
0.00010862
0.00010862
0.00010862
0.00010862
0.00010862
0.00010862
0.00010862
0.00010862
0.00010862
0.00010862
0.00010862
0.00010862
0.00010862
0.00010862
0.00010862
0.00010862
0.00010862
0.00010862
0.00010862
0.00010862
0.00010862
0.00010862
0.00010862
0.00010862
0.00010862
0.00010862
0.00010862
0.00010862
0.00010862
0.00010862
0.00010862
0.00010862
0.00010862
0.00010862
0.00010862
0.00010862
0.00010862
0.00010862
0.00010862
0.00010862
0.00010862
0.00010862
0.00010862
0.00010862
0.00010861
0.00010861
0.00010861
0.00010861
0.00010861
0.00010861
0.00010861
0.00010861
0.00010861
0.00010861
0.00010861
0.00010861
0.00010861
0.00010861
0.00010861
0.00010861
0.00010861
0.00010861
0.00010861
0.00010861
0.00010861
0.00010861
0.00010861
0.00010861
0.00010861
0.00010861
0.00010861
0.00010861
0.00010861
0.00010861
0.00010861
0.00010861
0.00010861
0.00010861
0.00010861
0.00010861
0.00010861
0.00010861
0.00010861
0.00010861
0.00010861
0.00010861
0.00010861
0.00010861
0.00010861
0.00010861
0.00010861
0.00010861
0.00010861
0.00010861
0.00010861
0.00010861
0.00010861
0.00010861
0.00010861
0.00010861
0.00010861
0.00010861
0.00010861
0.00010861
0.00010861
0.00010861
0.00010861
0.00010861
0.00010861
0.00010861
0.00010861
0.00010861
0.00010861
0.00010861
0.00010861
0.00010861
0.00010861
0.00010861
0.00010861
0.00010861
0.00010861
0.00010861
0.00010861
0.00010861
0.00010861
0.00010861
0.00010861
0.00010861
0.00010861
0.00010861
0.00010861
0.00010861
0.00010861
0.00010861
0.00010861
0.00010861
0.00010861
0.00010861
0.00010861
0.00010861
0.00010861
0.00010861
0.00010861
0.00010861
0.00010860
0.00010860
0.00010860
0.00010860
0.00010860
0.00010860
0.00010860
0.00010860
0.00010860
0.00010860
0.00010860
0.00010860
0.00010860
0.00010860
0.00010860
0.00010860
0.00010860
0.00010860
0.00010860
0.00010860
0.00010860
0.00010860
0.00010860
0.00010860
0.00010860
0.00010860
0.00010860
0.00010860
0.00010860
0.00010860
0.00010860
0.00010860
0.00010860
0.00010860
0.00010860
0.00010860
0.00010860
0.00010860
0.00010860
0.00010860
0.00010860
0.00010860
0.00010860
0.00010860
0.00010860
0.00010860
0.00010860
0.00010860
0.00010860
0.00010860
0.00010860
0.00010860
0.00010860
0.00010860
0.00010860
0.00010860
0.00010860
0.00010860
0.00010860
0.00010860
0.00010860
0.00010860
0.00010860
0.00010860
0.00010860
0.00010860
0.00010860
0.00010860
0.00010860
0.00010860
0.00010860
0.00010860
0.00010860
0.00010860
0.00010860
0.00010860
0.00010860
0.00010860
0.00010860
0.00010860
0.00010860
0.00010860
0.00010860
0.00010860
0.00010860
0.00010860
0.00010860
0.00010860
0.00010860
0.00010860
0.00010860
0.00010860
0.00010860
0.00010860
0.00010860
0.00010860
0.00010860
0.00010860
0.00010860
0.00010860
0.00010859
0.00010859
0.00010859
0.00010859
0.00010859
0.00010859
0.00010859
0.00010859
0.00010859
0.00010859
0.00010859
0.00010859
0.00010859
0.00010859
0.00010859
0.00010859
0.00010859
0.00010859
0.00010859
0.00010859
0.00010859
0.00010859
0.00010859
0.00010859
0.00010859
0.00010859
0.00010859
0.00010859
0.00010859
0.00010859
0.00010859
0.00010859
0.00010859
0.00010859
0.00010859
0.00010859
0.00010859
0.00010859
0.00010859
0.00010859
0.00010859
0.00010859
0.00010859
0.00010859
0.00010859
0.00010859
0.00010859
0.00010859
0.00010859
0.00010859
0.00010859
0.00010859
0.00010859
0.00010859
0.00010859
0.00010859
0.00010859
0.00010859
0.00010859
0.00010859
0.00010859
0.00010859
0.00010859
0.00010859
0.00010859
0.00010859
0.00010859
0.00010859
0.00010859
0.00010859
0.00010859
0.00010859
0.00010859
0.00010859
0.00010859
0.00010859
0.00010859
0.00010859
0.00010859
0.00010859
0.00010859
0.00010859
0.00010859
0.00010859
0.00010859
0.00010859
0.00010859
0.00010859
0.00010859
0.00010859
0.00010859
0.00010859
0.00010859
0.00010859
0.00010859
0.00010859
0.00010859
0.00010859
0.00010859
0.00010859
0.00010858
0.00010858
0.00010858
0.00010858
0.00010858
0.00010858
0.00010858
0.00010858
0.00010858
0.00010858
0.00010858
0.00010858
0.00010858
0.00010858
0.00010858
0.00010858
0.00010858
0.00010858
0.00010858
0.00010858
0.00010858
0.00010858
0.00010858
0.00010858
0.00010858
0.00010858
0.00010858
0.00010858
0.00010858
0.00010858
0.00010858
0.00010858
0.00010858
0.00010858
0.00010858
0.00010858
0.00010858
0.00010858
0.00010858
0.00010858
0.00010858
0.00010858
0.00010858
0.00010858
0.00010858
0.00010858
0.00010858
0.00010858
0.00010858
0.00010858
0.00010858
0.00010858
0.00010858
0.00010858
0.00010858
0.00010858
0.00010858
0.00010858
0.00010858
0.00010858
0.00010858
0.00010858
0.00010858
0.00010858
0.00010858
0.00010858
0.00010858
0.00010858
0.00010858
0.00010858
0.00010858
0.00010858
0.00010858
0.00010858
0.00010858
0.00010858
0.00010858
0.00010858
0.00010858
0.00010858
0.00010858
0.00010858
0.00010858
0.00010858
0.00010858
0.00010858
0.00010858
0.00010858
0.00010858
0.00010858
0.00010858
0.00010858
0.00010858
0.00010858
0.00010858
0.00010858
0.00010858
0.00010858
0.00010858
0.00010858
0.00010857
0.00010857
0.00010857
0.00010857
0.00010857
0.00010857
0.00010857
0.00010857
0.00010857
0.00010857
0.00010857
0.00010857
0.00010857
0.00010857
0.00010857
0.00010857
0.00010857
0.00010857
0.00010857
0.00010857
0.00010857
0.00010857
0.00010857
0.00010857
0.00010857
0.00010857
0.00010857
0.00010857
0.00010857
0.00010857
0.00010857
0.00010857
0.00010857
0.00010857
0.00010857
0.00010857
0.00010857
0.00010857
0.00010857
0.00010857
0.00010857
0.00010857
0.00010857
0.00010857
0.00010857
0.00010857
0.00010857
0.00010857
0.00010857
0.00010857
0.00010857
0.00010857
0.00010857
0.00010857
0.00010857
0.00010857
0.00010857
0.00010857
0.00010857
0.00010857
0.00010857
0.00010857
0.00010857
0.00010857
0.00010857
0.00010857
0.00010857
0.00010857
0.00010857
0.00010857
0.00010857
0.00010857
0.00010857
0.00010857
0.00010857
0.00010857
0.00010857
0.00010857
0.00010857
0.00010857
0.00010857
0.00010857
0.00010857
0.00010857
0.00010857
0.00010857
0.00010857
0.00010857
0.00010857
0.00010857
0.00010857
0.00010857
0.00010857
0.00010857
0.00010857
0.00010857
0.00010857
0.00010857
0.00010857
0.00010857
0.00010856
0.00010856
0.00010856
0.00010856
0.00010856
0.00010856
0.00010856
0.00010856
0.00010856
0.00010856
0.00010856
0.00010856
0.00010856
0.00010856
0.00010856
0.00010856
0.00010856
0.00010856
0.00010856
0.00010856
0.00010856
0.00010856
0.00010856
0.00010856
0.00010856
0.00010856
0.00010856
0.00010856
0.00010856
0.00010856
0.00010856
0.00010856
0.00010856
0.00010856
0.00010856
0.00010856
0.00010856
0.00010856
0.00010856
0.00010856
0.00010856
0.00010856
0.00010856
0.00010856
0.00010856
0.00010856
0.00010856
0.00010856
0.00010856
0.00010856
0.00010856
0.00010856
0.00010856
0.00010856
0.00010856
0.00010856
0.00010856
0.00010856
0.00010856
0.00010856
0.00010856
0.00010856
0.00010856
0.00010856
0.00010856
0.00010856
0.00010856
0.00010856
0.00010856
0.00010856
0.00010856
0.00010856
0.00010856
0.00010856
0.00010856
0.00010856
0.00010856
0.00010856
0.00010856
0.00010856
0.00010856
0.00010856
0.00010856
0.00010856
0.00010856
0.00010856
0.00010856
0.00010856
0.00010856
0.00010856
0.00010856
0.00010856
0.00010856
0.00010856
0.00010856
0.00010856
0.00010856
0.00010856
0.00010856
0.00010856
0.00010855
0.00010855
0.00010855
0.00010855
0.00010855
0.00010855
0.00010855
0.00010855
0.00010855
0.00010855
0.00010855
0.00010855
0.00010855
0.00010855
0.00010855
0.00010855
0.00010855
0.00010855
0.00010855
0.00010855
0.00010855
0.00010855
0.00010855
0.00010855
0.00010855
0.00010855
0.00010855
0.00010855
0.00010855
0.00010855
0.00010855
0.00010855
0.00010855
0.00010855
0.00010855
0.00010855
0.00010855
0.00010855
0.00010855
0.00010855
0.00010855
0.00010855
0.00010855
0.00010855
0.00010855
0.00010855
0.00010855
0.00010855
0.00010855
0.00010855
0.00010855
0.00010855
0.00010855
0.00010855
0.00010855
0.00010855
0.00010855
0.00010855
0.00010855
0.00010855
0.00010855
0.00010855
0.00010855
0.00010855
0.00010855
0.00010855
0.00010855
0.00010855
0.00010855
0.00010855
0.00010855
0.00010855
0.00010855
0.00010855
0.00010855
0.00010855
0.00010855
0.00010855
0.00010855
0.00010855
0.00010855
0.00010855
0.00010855
0.00010855
0.00010855
0.00010855
0.00010855
0.00010855
0.00010855
0.00010855
0.00010855
0.00010855
0.00010855
0.00010855
0.00010855
0.00010855
0.00010855
0.00010855
0.00010855
0.00010855
0.00010854
0.00010854
0.00010854
0.00010854
0.00010854
0.00010854
0.00010854
0.00010854
0.00010854
0.00010854
0.00010854
0.00010854
0.00010854
0.00010854
0.00010854
0.00010854
0.00010854
0.00010854
0.00010854
0.00010854
0.00010854
0.00010854
0.00010854
0.00010854
0.00010854
0.00010854
0.00010854
0.00010854
0.00010854
0.00010854
0.00010854
0.00010854
0.00010854
0.00010854
0.00010854
0.00010854
0.00010854
0.00010854
0.00010854
0.00010854
0.00010854
0.00010854
0.00010854
0.00010854
0.00010854
0.00010854
0.00010854
0.00010854
0.00010854
0.00010854
0.00010854
0.00010854
0.00010854
0.00010854
0.00010854
0.00010854
0.00010854
0.00010854
0.00010854
0.00010854
0.00010854
0.00010854
0.00010854
0.00010854
0.00010854
0.00010854
0.00010854
0.00010854
0.00010854
0.00010854
0.00010854
0.00010854
0.00010854
0.00010854
0.00010854
0.00010854
0.00010854
0.00010854
0.00010854
0.00010854
0.00010854
0.00010854
0.00010854
0.00010854
0.00010854
0.00010854
0.00010854
0.00010854
0.00010854
0.00010854
0.00010854
0.00010854
0.00010854
0.00010854
0.00010854
0.00010854
0.00010854
0.00010854
0.00010854
0.00010854
0.00010853
0.00010853
0.00010853
0.00010853
0.00010853
0.00010853
0.00010853
0.00010853
0.00010853
0.00010853
0.00010853
0.00010853
0.00010853
0.00010853
0.00010853
0.00010853
0.00010853
0.00010853
0.00010853
0.00010853
0.00010853
0.00010853
0.00010853
0.00010853
0.00010853
0.00010853
0.00010853
0.00010853
0.00010853
0.00010853
0.00010853
0.00010853
0.00010853
0.00010853
0.00010853
0.00010853
0.00010853
0.00010853
0.00010853
0.00010853
0.00010853
0.00010853
0.00010853
0.00010853
0.00010853
0.00010853
0.00010853
0.00010853
0.00010853
0.00010853
0.00010853
0.00010853
0.00010853
0.00010853
0.00010853
0.00010853
0.00010853
0.00010853
0.00010853
0.00010853
0.00010853
0.00010853
0.00010853
0.00010853
0.00010853
0.00010853
0.00010853
0.00010853
0.00010853
0.00010853
0.00010853
0.00010853
0.00010853
0.00010853
0.00010853
0.00010853
0.00010853
0.00010853
0.00010853
0.00010853
0.00010853
0.00010853
0.00010853
0.00010853
0.00010853
0.00010853
0.00010853
0.00010853
0.00010853
0.00010853
0.00010853
0.00010853
0.00010853
0.00010853
0.00010853
0.00010853
0.00010853
0.00010853
0.00010853
0.00010853
0.00010852
0.00010852
0.00010852
0.00010852
0.00010852
0.00010852
0.00010852
0.00010852
0.00010852
0.00010852
0.00010852
0.00010852
0.00010852
0.00010852
0.00010852
0.00010852
0.00010852
0.00010852
0.00010852
0.00010852
0.00010852
0.00010852
0.00010852
0.00010852
0.00010852
0.00010852
0.00010852
0.00010852
0.00010852
0.00010852
0.00010852
0.00010852
0.00010852
0.00010852
0.00010852
0.00010852
0.00010852
0.00010852
0.00010852
0.00010852
0.00010852
0.00010852
0.00010852
0.00010852
0.00010852
0.00010852
0.00010852
0.00010852
0.00010852
0.00010852
0.00010852
0.00010852
0.00010852
0.00010852
0.00010852
0.00010852
0.00010852
0.00010852
0.00010852
0.00010852
0.00010852
0.00010852
0.00010852
0.00010852
0.00010852
0.00010852
0.00010852
0.00010852
0.00010852
0.00010852
0.00010852
0.00010852
0.00010852
0.00010852
0.00010852
0.00010852
0.00010852
0.00010852
0.00010852
0.00010852
0.00010852
0.00010852
0.00010852
0.00010852
0.00010852
0.00010852
0.00010852
0.00010852
0.00010852
0.00010852
0.00010852
0.00010852
0.00010852
0.00010852
0.00010852
0.00010852
0.00010852
0.00010852
0.00010852
0.00010852
0.00010851
0.00010851
0.00010851
0.00010851
0.00010851
0.00010851
0.00010851
0.00010851
0.00010851
0.00010851
0.00010851
0.00010851
0.00010851
0.00010851
0.00010851
0.00010851
0.00010851
0.00010851
0.00010851
0.00010851
0.00010851
0.00010851
0.00010851
0.00010851
0.00010851
0.00010851
0.00010851
0.00010851
0.00010851
0.00010851
0.00010851
0.00010851
0.00010851
0.00010851
0.00010851
0.00010851
0.00010851
0.00010851
0.00010851
0.00010851
0.00010851
0.00010851
0.00010851
0.00010851
0.00010851
0.00010851
0.00010851
0.00010851
0.00010851
0.00010851
0.00010851
0.00010851
0.00010851
0.00010851
0.00010851
0.00010851
0.00010851
0.00010851
0.00010851
0.00010851
0.00010851
0.00010851
0.00010851
0.00010851
0.00010851
0.00010851
0.00010851
0.00010851
0.00010851
0.00010851
0.00010851
0.00010851
0.00010851
0.00010851
0.00010851
0.00010851
0.00010851
0.00010851
0.00010851
0.00010851
0.00010851
0.00010851
0.00010851
0.00010851
0.00010851
0.00010851
0.00010851
0.00010851
0.00010851
0.00010851
0.00010851
0.00010851
0.00010851
0.00010851
0.00010851
0.00010851
0.00010851
0.00010851
0.00010851
0.00010851
0.00010850
0.00010850
0.00010850
0.00010850
0.00010850
0.00010850
0.00010850
0.00010850
0.00010850
0.00010850
0.00010850
0.00010850
0.00010850
0.00010850
0.00010850
0.00010850
0.00010850
0.00010850
0.00010850
0.00010850
0.00010850
0.00010850
0.00010850
0.00010850
0.00010850
0.00010850
0.00010850
0.00010850
0.00010850
0.00010850
0.00010850
0.00010850
0.00010850
0.00010850
0.00010850
0.00010850
0.00010850
0.00010850
0.00010850
0.00010850
0.00010850
0.00010850
0.00010850
0.00010850
0.00010850
0.00010850
0.00010850
0.00010850
0.00010850
0.00010850
0.00010850
0.00010850
0.00010850
0.00010850
0.00010850
0.00010850
0.00010850
0.00010850
0.00010850
0.00010850
0.00010850
0.00010850
0.00010850
0.00010850
0.00010850
0.00010850
0.00010850
0.00010850
0.00010850
0.00010850
0.00010850
0.00010850
0.00010850
0.00010850
0.00010850
0.00010850
0.00010850
0.00010850
0.00010850
0.00010850
0.00010850
0.00010850
0.00010850
0.00010850
0.00010850
0.00010850
0.00010850
0.00010850
0.00010850
0.00010850
0.00010850
0.00010850
0.00010850
0.00010850
0.00010850
0.00010850
0.00010850
0.00010850
0.00010850
0.00010850
0.00010849
0.00010849
0.00010849
0.00010849
0.00010849
0.00010849
0.00010849
0.00010849
0.00010849
0.00010849
0.00010849
0.00010849
0.00010849
0.00010849
0.00010849
0.00010849
0.00010849
0.00010849
0.00010849
0.00010849
0.00010849
0.00010849
0.00010849
0.00010849
0.00010849
0.00010849
0.00010849
0.00010849
0.00010849
0.00010849
0.00010849
0.00010849
0.00010849
0.00010849
0.00010849
0.00010849
0.00010849
0.00010849
0.00010849
0.00010849
0.00010849
0.00010849
0.00010849
0.00010849
0.00010849
0.00010849
0.00010849
0.00010849
0.00010849
0.00010849
0.00010849
0.00010849
0.00010849
0.00010849
0.00010849
0.00010849
0.00010849
0.00010849
0.00010849
0.00010849
0.00010849
0.00010849
0.00010849
0.00010849
0.00010849
0.00010849
0.00010849
0.00010849
0.00010849
0.00010849
0.00010849
0.00010849
0.00010849
0.00010849
0.00010849
0.00010849
0.00010849
0.00010849
0.00010849
0.00010849
0.00010849
0.00010849
0.00010849
0.00010849
0.00010849
0.00010849
0.00010849
0.00010849
0.00010849
0.00010849
0.00010849
0.00010849
0.00010849
0.00010849
0.00010849
0.00010849
0.00010849
0.00010849
0.00010849
0.00010849
0.00010848
0.00010848
0.00010848
0.00010848
0.00010848
0.00010848
0.00010848
0.00010848
0.00010848
0.00010848
0.00010848
0.00010848
0.00010848
0.00010848
0.00010848
0.00010848
0.00010848
0.00010848
0.00010848
0.00010848
0.00010848
0.00010848
0.00010848
0.00010848
0.00010848
0.00010848
0.00010848
0.00010848
0.00010848
0.00010848
0.00010848
0.00010848
0.00010848
0.00010848
0.00010848
0.00010848
0.00010848
0.00010848
0.00010848
0.00010848
0.00010848
0.00010848
0.00010848
0.00010848
0.00010848
0.00010848
0.00010848
0.00010848
0.00010848
0.00010848
0.00010848
0.00010848
0.00010848
0.00010848
0.00010848
0.00010848
0.00010848
0.00010848
0.00010848
0.00010848
0.00010848
0.00010848
0.00010848
0.00010848
0.00010848
0.00010848
0.00010848
0.00010848
0.00010848
0.00010848
0.00010848
0.00010848
0.00010848
0.00010848
0.00010848
0.00010848
0.00010848
0.00010848
0.00010848
0.00010848
0.00010848
0.00010848
0.00010848
0.00010848
0.00010848
0.00010848
0.00010848
0.00010848
0.00010848
0.00010848
0.00010848
0.00010848
0.00010848
0.00010848
0.00010848
0.00010848
0.00010848
0.00010848
0.00010848
0.00010848
0.00010847
0.00010847
0.00010847
0.00010847
0.00010847
0.00010847
0.00010847
0.00010847
0.00010847
0.00010847
0.00010847
0.00010847
0.00010847
0.00010847
0.00010847
0.00010847
0.00010847
0.00010847
0.00010847
0.00010847
0.00010847
0.00010847
0.00010847
0.00010847
0.00010847
0.00010847
0.00010847
0.00010847
0.00010847
0.00010847
0.00010847
0.00010847
0.00010847
0.00010847
0.00010847
0.00010847
0.00010847
0.00010847
0.00010847
0.00010847
0.00010847
0.00010847
0.00010847
0.00010847
0.00010847
0.00010847
0.00010847
0.00010847
0.00010847
0.00010847
0.00010847
0.00010847
0.00010847
0.00010847
0.00010847
0.00010847
0.00010847
0.00010847
0.00010847
0.00010847
0.00010847
0.00010847
0.00010847
0.00010847
0.00010847
0.00010847
0.00010847
0.00010847
0.00010847
0.00010847
0.00010847
0.00010847
0.00010847
0.00010847
0.00010847
0.00010847
0.00010847
0.00010847
0.00010847
0.00010847
0.00010847
0.00010847
0.00010847
0.00010847
0.00010847
0.00010847
0.00010847
0.00010847
0.00010847
0.00010847
0.00010847
0.00010847
0.00010847
0.00010847
0.00010847
0.00010847
0.00010847
0.00010847
0.00010847
0.00010847
0.00010846
0.00010846
0.00010846
0.00010846
0.00010846
0.00010846
0.00010846
0.00010846
0.00010846
0.00010846
0.00010846
0.00010846
0.00010846
0.00010846
0.00010846
0.00010846
0.00010846
0.00010846
0.00010846
0.00010846
0.00010846
0.00010846
0.00010846
0.00010846
0.00010846
0.00010846
0.00010846
0.00010846
0.00010846
0.00010846
0.00010846
0.00010846
0.00010846
0.00010846
0.00010846
0.00010846
0.00010846
0.00010846
0.00010846
0.00010846
0.00010846
0.00010846
0.00010846
0.00010846
0.00010846
0.00010846
0.00010846
0.00010846
0.00010846
0.00010846
0.00010846
0.00010846
0.00010846
0.00010846
0.00010846
0.00010846
0.00010846
0.00010846
0.00010846
0.00010846
0.00010846
0.00010846
0.00010846
0.00010846
0.00010846
0.00010846
0.00010846
0.00010846
0.00010846
0.00010846
0.00010846
0.00010846
0.00010846
0.00010846
0.00010846
0.00010846
0.00010846
0.00010846
0.00010846
0.00010846
0.00010846
0.00010846
0.00010846
0.00010846
0.00010846
0.00010846
0.00010846
0.00010846
0.00010846
0.00010846
0.00010846
0.00010846
0.00010846
0.00010846
0.00010846
0.00010846
0.00010846
0.00010846
0.00010846
0.00010846
0.00010845
0.00010845
0.00010845
0.00010845
0.00010845
0.00010845
0.00010845
0.00010845
0.00010845
0.00010845
0.00010845
0.00010845
0.00010845
0.00010845
0.00010845
0.00010845
0.00010845
0.00010845
0.00010845
0.00010845
0.00010845
0.00010845
0.00010845
0.00010845
0.00010845
0.00010845
0.00010845
0.00010845
0.00010845
0.00010845
0.00010845
0.00010845
0.00010845
0.00010845
0.00010845
0.00010845
0.00010845
0.00010845
0.00010845
0.00010845
0.00010845
0.00010845
0.00010845
0.00010845
0.00010845
0.00010845
0.00010845
0.00010845
0.00010845
0.00010845
0.00010845
0.00010845
0.00010845
0.00010845
0.00010845
0.00010845
0.00010845
0.00010845
0.00010845
0.00010845
0.00010845
0.00010845
0.00010845
0.00010845
0.00010845
0.00010845
0.00010845
0.00010845
0.00010845
0.00010845
0.00010845
0.00010845
0.00010845
0.00010845
0.00010845
0.00010845
0.00010845
0.00010845
0.00010845
0.00010845
0.00010845
0.00010845
0.00010845
0.00010845
0.00010845
0.00010845
0.00010845
0.00010845
0.00010845
0.00010845
0.00010845
0.00010845
0.00010845
0.00010845
0.00010845
0.00010845
0.00010845
0.00010845
0.00010845
0.00010845
0.00010844
0.00010844
0.00010844
0.00010844
0.00010844
0.00010844
0.00010844
0.00010844
0.00010844
0.00010844
0.00010844
0.00010844
0.00010844
0.00010844
0.00010844
0.00010844
0.00010844
0.00010844
0.00010844
0.00010844
0.00010844
0.00010844
0.00010844
0.00010844
0.00010844
0.00010844
0.00010844
0.00010844
0.00010844
0.00010844
0.00010844
0.00010844
0.00010844
0.00010844
0.00010844
0.00010844
0.00010844
0.00010844
0.00010844
0.00010844
0.00010844
0.00010844
0.00010844
0.00010844
0.00010844
0.00010844
0.00010844
0.00010844
0.00010844
0.00010844
0.00010844
0.00010844
0.00010844
0.00010844
0.00010844
0.00010844
0.00010844
0.00010844
0.00010844
0.00010844
0.00010844
0.00010844
0.00010844
0.00010844
0.00010844
0.00010844
0.00010844
0.00010844
0.00010844
0.00010844
0.00010844
0.00010844
0.00010844
0.00010844
0.00010844
0.00010844
0.00010844
0.00010844
0.00010844
0.00010844
0.00010844
0.00010844
0.00010844
0.00010844
0.00010844
0.00010844
0.00010844
0.00010844
0.00010844
0.00010844
0.00010844
0.00010844
0.00010844
0.00010844
0.00010844
0.00010844
0.00010844
0.00010844
0.00010844
0.00010844
0.00010843
0.00010843
0.00010843
0.00010843
0.00010843
0.00010843
0.00010843
0.00010843
0.00010843
0.00010843
0.00010843
0.00010843
0.00010843
0.00010843
0.00010843
0.00010843
0.00010843
0.00010843
0.00010843
0.00010843
0.00010843
0.00010843
0.00010843
0.00010843
0.00010843
0.00010843
0.00010843
0.00010843
0.00010843
0.00010843
0.00010843
0.00010843
0.00010843
0.00010843
0.00010843
0.00010843
0.00010843
0.00010843
0.00010843
0.00010843
0.00010843
0.00010843
0.00010843
0.00010843
0.00010843
0.00010843
0.00010843
0.00010843
0.00010843
0.00010843
0.00010843
0.00010843
0.00010843
0.00010843
0.00010843
0.00010843
0.00010843
0.00010843
0.00010843
0.00010843
0.00010843
0.00010843
0.00010843
0.00010843
0.00010843
0.00010843
0.00010843
0.00010843
0.00010843
0.00010843
0.00010843
0.00010843
0.00010843
0.00010843
0.00010843
0.00010843
0.00010843
0.00010843
0.00010843
0.00010843
0.00010843
0.00010843
0.00010843
0.00010843
0.00010843
0.00010843
0.00010843
0.00010843
0.00010843
0.00010843
0.00010843
0.00010843
0.00010843
0.00010843
0.00010843
0.00010843
0.00010843
0.00010843
0.00010843
0.00010843
0.00010842
0.00010842
0.00010842
0.00010842
0.00010842
0.00010842
0.00010842
0.00010842
0.00010842
0.00010842
0.00010842
0.00010842
0.00010842
0.00010842
0.00010842
0.00010842
0.00010842
0.00010842
0.00010842
0.00010842
0.00010842
0.00010842
0.00010842
0.00010842
0.00010842
0.00010842
0.00010842
0.00010842
0.00010842
0.00010842
0.00010842
0.00010842
0.00010842
0.00010842
0.00010842
0.00010842
0.00010842
0.00010842
0.00010842
0.00010842
0.00010842
0.00010842
0.00010842
0.00010842
0.00010842
0.00010842
0.00010842
0.00010842
0.00010842
0.00010842
0.00010842
0.00010842
0.00010842
0.00010842
0.00010842
0.00010842
0.00010842
0.00010842
0.00010842
0.00010842
0.00010842
0.00010842
0.00010842
0.00010842
0.00010842
0.00010842
0.00010842
0.00010842
0.00010842
0.00010842
0.00010842
0.00010842
0.00010842
0.00010842
0.00010842
0.00010842
0.00010842
0.00010842
0.00010842
0.00010842
0.00010842
0.00010842
0.00010842
0.00010842
0.00010842
0.00010842
0.00010842
0.00010842
0.00010842
0.00010842
0.00010842
0.00010842
0.00010842
0.00010842
0.00010842
0.00010842
0.00010842
0.00010842
0.00010842
0.00010842
0.00010841
0.00010841
0.00010841
0.00010841
0.00010841
0.00010841
0.00010841
0.00010841
0.00010841
0.00010841
0.00010841
0.00010841
0.00010841
0.00010841
0.00010841
0.00010841
0.00010841
0.00010841
0.00010841
0.00010841
0.00010841
0.00010841
0.00010841
0.00010841
0.00010841
0.00010841
0.00010841
0.00010841
0.00010841
0.00010841
0.00010841
0.00010841
0.00010841
0.00010841
0.00010841
0.00010841
0.00010841
0.00010841
0.00010841
0.00010841
0.00010841
0.00010841
0.00010841
0.00010841
0.00010841
0.00010841
0.00010841
0.00010841
0.00010841
0.00010841
0.00010841
0.00010841
0.00010841
0.00010841
0.00010841
0.00010841
0.00010841
0.00010841
0.00010841
0.00010841
0.00010841
0.00010841
0.00010841
0.00010841
0.00010841
0.00010841
0.00010841
0.00010841
0.00010841
0.00010841
0.00010841
0.00010841
0.00010841
0.00010841
0.00010841
0.00010841
0.00010841
0.00010841
0.00010841
0.00010841
0.00010841
0.00010841
0.00010841
0.00010841
0.00010841
0.00010841
0.00010841
0.00010841
0.00010841
0.00010841
0.00010841
0.00010841
0.00010841
0.00010841
0.00010841
0.00010841
0.00010841
0.00010841
0.00010841
0.00010841
0.00010840
0.00010840
0.00010840
0.00010840
0.00010840
0.00010840
0.00010840
0.00010840
0.00010840
0.00010840
0.00010840
0.00010840
0.00010840
0.00010840
0.00010840
0.00010840
0.00010840
0.00010840
0.00010840
0.00010840
0.00010840
0.00010840
0.00010840
0.00010840
0.00010840
0.00010840
0.00010840
0.00010840
0.00010840
0.00010840
0.00010840
0.00010840
0.00010840
0.00010840
0.00010840
0.00010840
0.00010840
0.00010840
0.00010840
0.00010840
0.00010840
0.00010840
0.00010840
0.00010840
0.00010840
0.00010840
0.00010840
0.00010840
0.00010840
0.00010840
0.00010840
0.00010840
0.00010840
0.00010840
0.00010840
0.00010840
0.00010840
0.00010840
0.00010840
0.00010840
0.00010840
0.00010840
0.00010840
0.00010840
0.00010840
0.00010840
0.00010840
0.00010840
0.00010840
0.00010840
0.00010840
0.00010840
0.00010840
0.00010840
0.00010840
0.00010840
0.00010840
0.00010840
0.00010840
0.00010840
0.00010840
0.00010840
0.00010840
0.00010840
0.00010840
0.00010840
0.00010840
0.00010840
0.00010840
0.00010840
0.00010840
0.00010840
0.00010840
0.00010840
0.00010840
0.00010840
0.00010840
0.00010840
0.00010840
0.00010840
0.00010839
0.00010839
0.00010839
0.00010839
0.00010839
0.00010839
0.00010839
0.00010839
0.00010839
0.00010839
0.00010839
0.00010839
0.00010839
0.00010839
0.00010839
0.00010839
0.00010839
0.00010839
0.00010839
0.00010839
0.00010839
0.00010839
0.00010839
0.00010839
0.00010839
0.00010839
0.00010839
0.00010839
0.00010839
0.00010839
0.00010839
0.00010839
0.00010839
0.00010839
0.00010839
0.00010839
0.00010839
0.00010839
0.00010839
0.00010839
0.00010839
0.00010839
0.00010839
0.00010839
0.00010839
0.00010839
0.00010839
0.00010839
0.00010839
0.00010839
0.00010839
0.00010839
0.00010839
0.00010839
0.00010839
0.00010839
0.00010839
0.00010839
0.00010839
0.00010839
0.00010839
0.00010839
0.00010839
0.00010839
0.00010839
0.00010839
0.00010839
0.00010839
0.00010839
0.00010839
0.00010839
0.00010839
0.00010839
0.00010839
0.00010839
0.00010839
0.00010839
0.00010839
0.00010839
0.00010839
0.00010839
0.00010839
0.00010839
0.00010839
0.00010839
0.00010839
0.00010839
0.00010839
0.00010839
0.00010839
0.00010839
0.00010839
0.00010839
0.00010839
0.00010839
0.00010839
0.00010839
0.00010839
0.00010839
0.00010839
0.00010838
0.00010838
0.00010838
0.00010838
0.00010838
0.00010838
0.00010838
0.00010838
0.00010838
0.00010838
0.00010838
0.00010838
0.00010838
0.00010838
0.00010838
0.00010838
0.00010838
0.00010838
0.00010838
0.00010838
0.00010838
0.00010838
0.00010838
0.00010838
0.00010838
0.00010838
0.00010838
0.00010838
0.00010838
0.00010838
0.00010838
0.00010838
0.00010838
0.00010838
0.00010838
0.00010838
0.00010838
0.00010838
0.00010838
0.00010838
0.00010838
0.00010838
0.00010838
0.00010838
0.00010838
0.00010838
0.00010838
0.00010838
0.00010838
0.00010838
0.00010838
0.00010838
0.00010838
0.00010838
0.00010838
0.00010838
0.00010838
0.00010838
0.00010838
0.00010838
0.00010838
0.00010838
0.00010838
0.00010838
0.00010838
0.00010838
0.00010838
0.00010838
0.00010838
0.00010838
0.00010838
0.00010838
0.00010838
0.00010838
0.00010838
0.00010838
0.00010838
0.00010838
0.00010838
0.00010838
0.00010838
0.00010838
0.00010838
0.00010838
0.00010838
0.00010838
0.00010838
0.00010838
0.00010838
0.00010838
0.00010838
0.00010838
0.00010838
0.00010838
0.00010838
0.00010838
0.00010838
0.00010838
0.00010838
0.00010838
0.00010837
0.00010837
0.00010837
0.00010837
0.00010837
0.00010837
0.00010837
0.00010837
0.00010837
0.00010837
0.00010837
0.00010837
0.00010837
0.00010837
0.00010837
0.00010837
0.00010837
0.00010837
0.00010837
0.00010837
0.00010837
0.00010837
0.00010837
0.00010837
0.00010837
0.00010837
0.00010837
0.00010837
0.00010837
0.00010837
0.00010837
0.00010837
0.00010837
0.00010837
0.00010837
0.00010837
0.00010837
0.00010837
0.00010837
0.00010837
0.00010837
0.00010837
0.00010837
0.00010837
0.00010837
0.00010837
0.00010837
0.00010837
0.00010837
0.00010837
0.00010837
0.00010837
0.00010837
0.00010837
0.00010837
0.00010837
0.00010837
0.00010837
0.00010837
0.00010837
0.00010837
0.00010837
0.00010837
0.00010837
0.00010837
0.00010837
0.00010837
0.00010837
0.00010837
0.00010837
0.00010837
0.00010837
0.00010837
0.00010837
0.00010837
0.00010837
0.00010837
0.00010837
0.00010837
0.00010837
0.00010837
0.00010837
0.00010837
0.00010837
0.00010837
0.00010837
0.00010837
0.00010837
0.00010837
0.00010837
0.00010837
0.00010837
0.00010837
0.00010837
0.00010837
0.00010837
0.00010837
0.00010837
0.00010837
0.00010837
0.00010836
0.00010836
0.00010836
0.00010836
0.00010836
0.00010836
0.00010836
0.00010836
0.00010836
0.00010836
0.00010836
0.00010836
0.00010836
0.00010836
0.00010836
0.00010836
0.00010836
0.00010836
0.00010836
0.00010836
0.00010836
0.00010836
0.00010836
0.00010836
0.00010836
0.00010836
0.00010836
0.00010836
0.00010836
0.00010836
0.00010836
0.00010836
0.00010836
0.00010836
0.00010836
0.00010836
0.00010836
0.00010836
0.00010836
0.00010836
0.00010836
0.00010836
0.00010836
0.00010836
0.00010836
0.00010836
0.00010836
0.00010836
0.00010836
0.00010836
0.00010836
0.00010836
0.00010836
0.00010836
0.00010836
0.00010836
0.00010836
0.00010836
0.00010836
0.00010836
0.00010836
0.00010836
0.00010836
0.00010836
0.00010836
0.00010836
0.00010836
0.00010836
0.00010836
0.00010836
0.00010836
0.00010836
0.00010836
0.00010836
0.00010836
0.00010836
0.00010836
0.00010836
0.00010836
0.00010836
0.00010836
0.00010836
0.00010836
0.00010836
0.00010836
0.00010836
0.00010836
0.00010836
0.00010836
0.00010836
0.00010836
0.00010836
0.00010836
0.00010836
0.00010836
0.00010836
0.00010836
0.00010836
0.00010836
0.00010836
0.00010835
0.00010835
0.00010835
0.00010835
0.00010835
0.00010835
0.00010835
0.00010835
0.00010835
0.00010835
0.00010835
0.00010835
0.00010835
0.00010835
0.00010835
0.00010835
0.00010835
0.00010835
0.00010835
0.00010835
0.00010835
0.00010835
0.00010835
0.00010835
0.00010835
0.00010835
0.00010835
0.00010835
0.00010835
0.00010835
0.00010835
0.00010835
0.00010835
0.00010835
0.00010835
0.00010835
0.00010835
0.00010835
0.00010835
0.00010835
0.00010835
0.00010835
0.00010835
0.00010835
0.00010835
0.00010835
0.00010835
0.00010835
0.00010835
0.00010835
0.00010835
0.00010835
0.00010835
0.00010835
0.00010835
0.00010835
0.00010835
0.00010835
0.00010835
0.00010835
0.00010835
0.00010835
0.00010835
0.00010835
0.00010835
0.00010835
0.00010835
0.00010835
0.00010835
0.00010835
0.00010835
0.00010835
0.00010835
0.00010835
0.00010835
0.00010835
0.00010835
0.00010835
0.00010835
0.00010835
0.00010835
0.00010835
0.00010835
0.00010835
0.00010835
0.00010835
0.00010835
0.00010835
0.00010835
0.00010835
0.00010835
0.00010835
0.00010835
0.00010835
0.00010835
0.00010835
0.00010835
0.00010835
0.00010835
0.00010835
0.00010834
0.00010834
0.00010834
0.00010834
0.00010834
0.00010834
0.00010834
0.00010834
0.00010834
0.00010834
0.00010834
0.00010834
0.00010834
0.00010834
0.00010834
0.00010834
0.00010834
0.00010834
0.00010834
0.00010834
0.00010834
0.00010834
0.00010834
0.00010834
0.00010834
0.00010834
0.00010834
0.00010834
0.00010834
0.00010834
0.00010834
0.00010834
0.00010834
0.00010834
0.00010834
0.00010834
0.00010834
0.00010834
0.00010834
0.00010834
0.00010834
0.00010834
0.00010834
0.00010834
0.00010834
0.00010834
0.00010834
0.00010834
0.00010834
0.00010834
0.00010834
0.00010834
0.00010834
0.00010834
0.00010834
0.00010834
0.00010834
0.00010834
0.00010834
0.00010834
0.00010834
0.00010834
0.00010834
0.00010834
0.00010834
0.00010834
0.00010834
0.00010834
0.00010834
0.00010834
0.00010834
0.00010834
0.00010834
0.00010834
0.00010834
0.00010834
0.00010834
0.00010834
0.00010834
0.00010834
0.00010834
0.00010834
0.00010834
0.00010834
0.00010834
0.00010834
0.00010834
0.00010834
0.00010834
0.00010834
0.00010834
0.00010834
0.00010834
0.00010834
0.00010834
0.00010834
0.00010834
0.00010834
0.00010834
0.00010834
0.00010833
0.00010833
0.00010833
0.00010833
0.00010833
0.00010833
0.00010833
0.00010833
0.00010833
0.00010833
0.00010833
0.00010833
0.00010833
0.00010833
0.00010833
0.00010833
0.00010833
0.00010833
0.00010833
0.00010833
0.00010833
0.00010833
0.00010833
0.00010833
0.00010833
0.00010833
0.00010833
0.00010833
0.00010833
0.00010833
0.00010833
0.00010833
0.00010833
0.00010833
0.00010833
0.00010833
0.00010833
0.00010833
0.00010833
0.00010833
0.00010833
0.00010833
0.00010833
0.00010833
0.00010833
0.00010833
0.00010833
0.00010833
0.00010833
0.00010833
0.00010833
0.00010833
0.00010833
0.00010833
0.00010833
0.00010833
0.00010833
0.00010833
0.00010833
0.00010833
0.00010833
0.00010833
0.00010833
0.00010833
0.00010833
0.00010833
0.00010833
0.00010833
0.00010833
0.00010833
0.00010833
0.00010833
0.00010833
0.00010833
0.00010833
0.00010833
0.00010833
0.00010833
0.00010833
0.00010833
0.00010833
0.00010833
0.00010833
0.00010833
0.00010833
0.00010833
0.00010833
0.00010833
0.00010833
0.00010833
0.00010833
0.00010833
0.00010833
0.00010833
0.00010833
0.00010833
0.00010833
0.00010833
0.00010833
0.00010833
0.00010832
0.00010832
0.00010832
0.00010832
0.00010832
0.00010832
0.00010832
0.00010832
0.00010832
0.00010832
0.00010832
0.00010832
0.00010832
0.00010832
0.00010832
0.00010832
0.00010832
0.00010832
0.00010832
0.00010832
0.00010832
0.00010832
0.00010832
0.00010832
0.00010832
0.00010832
0.00010832
0.00010832
0.00010832
0.00010832
0.00010832
0.00010832
0.00010832
0.00010832
0.00010832
0.00010832
0.00010832
0.00010832
0.00010832
0.00010832
0.00010832
0.00010832
0.00010832
0.00010832
0.00010832
0.00010832
0.00010832
0.00010832
0.00010832
0.00010832
0.00010832
0.00010832
0.00010832
0.00010832
0.00010832
0.00010832
0.00010832
0.00010832
0.00010832
0.00010832
0.00010832
0.00010832
0.00010832
0.00010832
0.00010832
0.00010832
0.00010832
0.00010832
0.00010832
0.00010832
0.00010832
0.00010832
0.00010832
0.00010832
0.00010832
0.00010832
0.00010832
0.00010832
0.00010832
0.00010832
0.00010832
0.00010832
0.00010832
0.00010832
0.00010832
0.00010832
0.00010832
0.00010832
0.00010832
0.00010832
0.00010832
0.00010832
0.00010832
0.00010832
0.00010832
0.00010832
0.00010832
0.00010832
0.00010832
0.00010832
0.00010831
0.00010831
0.00010831
0.00010831
0.00010831
0.00010831
0.00010831
0.00010831
0.00010831
0.00010831
0.00010831
0.00010831
0.00010831
0.00010831
0.00010831
0.00010831
0.00010831
0.00010831
0.00010831
0.00010831
0.00010831
0.00010831
0.00010831
0.00010831
0.00010831
0.00010831
0.00010831
0.00010831
0.00010831
0.00010831
0.00010831
0.00010831
0.00010831
0.00010831
0.00010831
0.00010831
0.00010831
0.00010831
0.00010831
0.00010831
0.00010831
0.00010831
0.00010831
0.00010831
0.00010831
0.00010831
0.00010831
0.00010831
0.00010831
0.00010831
0.00010831
0.00010831
0.00010831
0.00010831
0.00010831
0.00010831
0.00010831
0.00010831
0.00010831
0.00010831
0.00010831
0.00010831
0.00010831
0.00010831
0.00010831
0.00010831
0.00010831
0.00010831
0.00010831
0.00010831
0.00010831
0.00010831
0.00010831
0.00010831
0.00010831
0.00010831
0.00010831
0.00010831
0.00010831
0.00010831
0.00010831
0.00010831
0.00010831
0.00010831
0.00010831
0.00010831
0.00010831
0.00010831
0.00010831
0.00010831
0.00010831
0.00010831
0.00010831
0.00010831
0.00010831
0.00010831
0.00010831
0.00010831
0.00010831
0.00010831
0.00010830
0.00010830
0.00010830
0.00010830
0.00010830
0.00010830
0.00010830
0.00010830
0.00010830
0.00010830
0.00010830
0.00010830
0.00010830
0.00010830
0.00010830
0.00010830
0.00010830
0.00010830
0.00010830
0.00010830
0.00010830
0.00010830
0.00010830
0.00010830
0.00010830
0.00010830
0.00010830
0.00010830
0.00010830
0.00010830
0.00010830
0.00010830
0.00010830
0.00010830
0.00010830
0.00010830
0.00010830
0.00010830
0.00010830
0.00010830
0.00010830
0.00010830
0.00010830
0.00010830
0.00010830
0.00010830
0.00010830
0.00010830
0.00010830
0.00010830
0.00010830
0.00010830
0.00010830
0.00010830
0.00010830
0.00010830
0.00010830
0.00010830
0.00010830
0.00010830
0.00010830
0.00010830
0.00010830
0.00010830
0.00010830
0.00010830
0.00010830
0.00010830
0.00010830
0.00010830
0.00010830
0.00010830
0.00010830
0.00010830
0.00010830
0.00010830
0.00010830
0.00010830
0.00010830
0.00010830
0.00010830
0.00010830
0.00010830
0.00010830
0.00010830
0.00010830
0.00010830
0.00010830
0.00010830
0.00010830
0.00010830
0.00010830
0.00010830
0.00010830
0.00010830
0.00010830
0.00010830
0.00010830
0.00010830
0.00010830
0.00010829
0.00010829
0.00010829
0.00010829
0.00010829
0.00010829
0.00010829
0.00010829
0.00010829
0.00010829
0.00010829
0.00010829
0.00010829
0.00010829
0.00010829
0.00010829
0.00010829
0.00010829
0.00010829
0.00010829
0.00010829
0.00010829
0.00010829
0.00010829
0.00010829
0.00010829
0.00010829
0.00010829
0.00010829
0.00010829
0.00010829
0.00010829
0.00010829
0.00010829
0.00010829
0.00010829
0.00010829
0.00010829
0.00010829
0.00010829
0.00010829
0.00010829
0.00010829
0.00010829
0.00010829
0.00010829
0.00010829
0.00010829
0.00010829
0.00010829
0.00010829
0.00010829
0.00010829
0.00010829
0.00010829
0.00010829
0.00010829
0.00010829
0.00010829
0.00010829
0.00010829
0.00010829
0.00010829
0.00010829
0.00010829
0.00010829
0.00010829
0.00010829
0.00010829
0.00010829
0.00010829
0.00010829
0.00010829
0.00010829
0.00010829
0.00010829
0.00010829
0.00010829
0.00010829
0.00010829
0.00010829
0.00010829
0.00010829
0.00010829
0.00010829
0.00010829
0.00010829
0.00010829
0.00010829
0.00010829
0.00010829
0.00010829
0.00010829
0.00010829
0.00010829
0.00010829
0.00010829
0.00010829
0.00010829
0.00010829
0.00010828
0.00010828
0.00010828
0.00010828
0.00010828
0.00010828
0.00010828
0.00010828
0.00010828
0.00010828
0.00010828
0.00010828
0.00010828
0.00010828
0.00010828
0.00010828
0.00010828
0.00010828
0.00010828
0.00010828
0.00010828
0.00010828
0.00010828
0.00010828
0.00010828
0.00010828
0.00010828
0.00010828
0.00010828
0.00010828
0.00010828
0.00010828
0.00010828
0.00010828
0.00010828
0.00010828
0.00010828
0.00010828
0.00010828
0.00010828
0.00010828
0.00010828
0.00010828
0.00010828
0.00010828
0.00010828
0.00010828
0.00010828
0.00010828
0.00010828
0.00010828
0.00010828
0.00010828
0.00010828
0.00010828
0.00010828
0.00010828
0.00010828
0.00010828
0.00010828
0.00010828
0.00010828
0.00010828
0.00010828
0.00010828
0.00010828
0.00010828
0.00010828
0.00010828
0.00010828
0.00010828
0.00010828
0.00010828
0.00010828
0.00010828
0.00010828
0.00010828
0.00010828
0.00010828
0.00010828
0.00010828
0.00010828
0.00010828
0.00010828
0.00010828
0.00010828
0.00010828
0.00010828
0.00010828
0.00010828
0.00010828
0.00010828
0.00010828
0.00010828
0.00010828
0.00010828
0.00010828
0.00010828
0.00010828
0.00010828
0.00010827
0.00010827
0.00010827
0.00010827
0.00010827
0.00010827
0.00010827
0.00010827
0.00010827
0.00010827
0.00010827
0.00010827
0.00010827
0.00010827
0.00010827
0.00010827
0.00010827
0.00010827
0.00010827
0.00010827
0.00010827
0.00010827
0.00010827
0.00010827
0.00010827
0.00010827
0.00010827
0.00010827
0.00010827
0.00010827
0.00010827
0.00010827
0.00010827
0.00010827
0.00010827
0.00010827
0.00010827
0.00010827
0.00010827
0.00010827
0.00010827
0.00010827
0.00010827
0.00010827
0.00010827
0.00010827
0.00010827
0.00010827
0.00010827
0.00010827
0.00010827
0.00010827
0.00010827
0.00010827
0.00010827
0.00010827
0.00010827
0.00010827
0.00010827
0.00010827
0.00010827
0.00010827
0.00010827
0.00010827
0.00010827
0.00010827
0.00010827
0.00010827
0.00010827
0.00010827
0.00010827
0.00010827
0.00010827
0.00010827
0.00010827
0.00010827
0.00010827
0.00010827
0.00010827
0.00010827
0.00010827
0.00010827
0.00010827
0.00010827
0.00010827
0.00010827
0.00010827
0.00010827
0.00010827
0.00010827
0.00010827
0.00010827
0.00010827
0.00010827
0.00010827
0.00010827
0.00010827
0.00010827
0.00010827
0.00010827
0.00010826
0.00010826
0.00010826
0.00010826
0.00010826
0.00010826
0.00010826
0.00010826
0.00010826
0.00010826
0.00010826
0.00010826
0.00010826
0.00010826
0.00010826
0.00010826
0.00010826
0.00010826
0.00010826
0.00010826
0.00010826
0.00010826
0.00010826
0.00010826
0.00010826
0.00010826
0.00010826
0.00010826
0.00010826
0.00010826
0.00010826
0.00010826
0.00010826
0.00010826
0.00010826
0.00010826
0.00010826
0.00010826
0.00010826
0.00010826
0.00010826
0.00010826
0.00010826
0.00010826
0.00010826
0.00010826
0.00010826
0.00010826
0.00010826
0.00010826
0.00010826
0.00010826
0.00010826
0.00010826
0.00010826
0.00010826
0.00010826
0.00010826
0.00010826
0.00010826
0.00010826
0.00010826
0.00010826
0.00010826
0.00010826
0.00010826
0.00010826
0.00010826
0.00010826
0.00010826
0.00010826
0.00010826
0.00010826
0.00010826
0.00010826
0.00010826
0.00010826
0.00010826
0.00010826
0.00010826
0.00010826
0.00010826
0.00010826
0.00010826
0.00010826
0.00010826
0.00010826
0.00010826
0.00010826
0.00010826
0.00010826
0.00010826
0.00010826
0.00010826
0.00010826
0.00010826
0.00010826
0.00010826
0.00010826
0.00010826
0.00010825
0.00010825
0.00010825
0.00010825
0.00010825
0.00010825
0.00010825
0.00010825
0.00010825
0.00010825
0.00010825
0.00010825
0.00010825
0.00010825
0.00010825
0.00010825
0.00010825
0.00010825
0.00010825
0.00010825
0.00010825
0.00010825
0.00010825
0.00010825
0.00010825
0.00010825
0.00010825
0.00010825
0.00010825
0.00010825
0.00010825
0.00010825
0.00010825
0.00010825
0.00010825
0.00010825
0.00010825
0.00010825
0.00010825
0.00010825
0.00010825
0.00010825
0.00010825
0.00010825
0.00010825
0.00010825
0.00010825
0.00010825
0.00010825
0.00010825
0.00010825
0.00010825
0.00010825
0.00010825
0.00010825
0.00010825
0.00010825
0.00010825
0.00010825
0.00010825
0.00010825
0.00010825
0.00010825
0.00010825
0.00010825
0.00010825
0.00010825
0.00010825
0.00010825
0.00010825
0.00010825
0.00010825
0.00010825
0.00010825
0.00010825
0.00010825
0.00010825
0.00010825
0.00010825
0.00010825
0.00010825
0.00010825
0.00010825
0.00010825
0.00010825
0.00010825
0.00010825
0.00010825
0.00010825
0.00010825
0.00010825
0.00010825
0.00010825
0.00010825
0.00010825
0.00010825
0.00010825
0.00010825
0.00010825
0.00010825
0.00010824
0.00010824
0.00010824
0.00010824
0.00010824
0.00010824
0.00010824
0.00010824
0.00010824
0.00010824
0.00010824
0.00010824
0.00010824
0.00010824
0.00010824
0.00010824
0.00010824
0.00010824
0.00010824
0.00010824
0.00010824
0.00010824
0.00010824
0.00010824
0.00010824
0.00010824
0.00010824
0.00010824
0.00010824
0.00010824
0.00010824
0.00010824
0.00010824
0.00010824
0.00010824
0.00010824
0.00010824
0.00010824
0.00010824
0.00010824
0.00010824
0.00010824
0.00010824
0.00010824
0.00010824
0.00010824
0.00010824
0.00010824
0.00010824
0.00010824
0.00010824
0.00010824
0.00010824
0.00010824
0.00010824
0.00010824
0.00010824
0.00010824
0.00010824
0.00010824
0.00010824
0.00010824
0.00010824
0.00010824
0.00010824
0.00010824
0.00010824
0.00010824
0.00010824
0.00010824
0.00010824
0.00010824
0.00010824
0.00010824
0.00010824
0.00010824
0.00010824
0.00010824
0.00010824
0.00010824
0.00010824
0.00010824
0.00010824
0.00010824
0.00010824
0.00010824
0.00010824
0.00010824
0.00010824
0.00010824
0.00010824
0.00010824
0.00010824
0.00010824
0.00010824
0.00010824
0.00010824
0.00010824
0.00010824
0.00010824
0.00010823
0.00010823
0.00010823
0.00010823
0.00010823
0.00010823
0.00010823
0.00010823
0.00010823
0.00010823
0.00010823
0.00010823
0.00010823
0.00010823
0.00010823
0.00010823
0.00010823
0.00010823
0.00010823
0.00010823
0.00010823
0.00010823
0.00010823
0.00010823
0.00010823
0.00010823
0.00010823
0.00010823
0.00010823
0.00010823
0.00010823
0.00010823
0.00010823
0.00010823
0.00010823
0.00010823
0.00010823
0.00010823
0.00010823
0.00010823
0.00010823
0.00010823
0.00010823
0.00010823
0.00010823
0.00010823
0.00010823
0.00010823
0.00010823
0.00010823
0.00010823
0.00010823
0.00010823
0.00010823
0.00010823
0.00010823
0.00010823
0.00010823
0.00010823
0.00010823
0.00010823
0.00010823
0.00010823
0.00010823
0.00010823
0.00010823
0.00010823
0.00010823
0.00010823
0.00010823
0.00010823
0.00010823
0.00010823
0.00010823
0.00010823
0.00010823
0.00010823
0.00010823
0.00010823
0.00010823
0.00010823
0.00010823
0.00010823
0.00010823
0.00010823
0.00010823
0.00010823
0.00010823
0.00010823
0.00010823
0.00010823
0.00010823
0.00010823
0.00010823
0.00010823
0.00010823
0.00010823
0.00010823
0.00010823
0.00010823
0.00010822
0.00010822
0.00010822
0.00010822
0.00010822
0.00010822
0.00010822
0.00010822
0.00010822
0.00010822
0.00010822
0.00010822
0.00010822
0.00010822
0.00010822
0.00010822
0.00010822
0.00010822
0.00010822
0.00010822
0.00010822
0.00010822
0.00010822
0.00010822
0.00010822
0.00010822
0.00010822
0.00010822
0.00010822
0.00010822
0.00010822
0.00010822
0.00010822
0.00010822
0.00010822
0.00010822
0.00010822
0.00010822
0.00010822
0.00010822
0.00010822
0.00010822
0.00010822
0.00010822
0.00010822
0.00010822
0.00010822
0.00010822
0.00010822
0.00010822
0.00010822
0.00010822
0.00010822
0.00010822
0.00010822
0.00010822
0.00010822
0.00010822
0.00010822
0.00010822
0.00010822
0.00010822
0.00010822
0.00010822
0.00010822
0.00010822
0.00010822
0.00010822
0.00010822
0.00010822
0.00010822
0.00010822
0.00010822
0.00010822
0.00010822
0.00010822
0.00010822
0.00010822
0.00010822
0.00010822
0.00010822
0.00010822
0.00010822
0.00010822
0.00010822
0.00010822
0.00010822
0.00010822
0.00010822
0.00010822
0.00010822
0.00010822
0.00010822
0.00010822
0.00010822
0.00010822
0.00010822
0.00010822
0.00010822
0.00010822
0.00010821
0.00010821
0.00010821
0.00010821
0.00010821
0.00010821
0.00010821
0.00010821
0.00010821
0.00010821
0.00010821
0.00010821
0.00010821
0.00010821
0.00010821
0.00010821
0.00010821
0.00010821
0.00010821
0.00010821
0.00010821
0.00010821
0.00010821
0.00010821
0.00010821
0.00010821
0.00010821
0.00010821
0.00010821
0.00010821
0.00010821
0.00010821
0.00010821
0.00010821
0.00010821
0.00010821
0.00010821
0.00010821
0.00010821
0.00010821
0.00010821
0.00010821
0.00010821
0.00010821
0.00010821
0.00010821
0.00010821
0.00010821
0.00010821
0.00010821
0.00010821
0.00010821
0.00010821
0.00010821
0.00010821
0.00010821
0.00010821
0.00010821
0.00010821
0.00010821
0.00010821
0.00010821
0.00010821
0.00010821
0.00010821
0.00010821
0.00010821
0.00010821
0.00010821
0.00010821
0.00010821
0.00010821
0.00010821
0.00010821
0.00010821
0.00010821
0.00010821
0.00010821
0.00010821
0.00010821
0.00010821
0.00010821
0.00010821
0.00010821
0.00010821
0.00010821
0.00010821
0.00010821
0.00010821
0.00010821
0.00010821
0.00010821
0.00010821
0.00010821
0.00010821
0.00010821
0.00010821
0.00010821
0.00010821
0.00010821
0.00010820
0.00010820
0.00010820
0.00010820
0.00010820
0.00010820
0.00010820
0.00010820
0.00010820
0.00010820
0.00010820
0.00010820
0.00010820
0.00010820
0.00010820
0.00010820
0.00010820
0.00010820
0.00010820
0.00010820
0.00010820
0.00010820
0.00010820
0.00010820
0.00010820
0.00010820
0.00010820
0.00010820
0.00010820
0.00010820
0.00010820
0.00010820
0.00010820
0.00010820
0.00010820
0.00010820
0.00010820
0.00010820
0.00010820
0.00010820
0.00010820
0.00010820
0.00010820
0.00010820
0.00010820
0.00010820
0.00010820
0.00010820
0.00010820
0.00010820
0.00010820
0.00010820
0.00010820
0.00010820
0.00010820
0.00010820
0.00010820
0.00010820
0.00010820
0.00010820
0.00010820
0.00010820
0.00010820
0.00010820
0.00010820
0.00010820
0.00010820
0.00010820
0.00010820
0.00010820
0.00010820
0.00010820
0.00010820
0.00010820
0.00010820
0.00010820
0.00010820
0.00010820
0.00010820
0.00010820
0.00010820
0.00010820
0.00010820
0.00010820
0.00010820
0.00010820
0.00010820
0.00010820
0.00010820
0.00010820
0.00010820
0.00010820
0.00010820
0.00010820
0.00010820
0.00010820
0.00010820
0.00010820
0.00010820
0.00010820
0.00010819
0.00010819
0.00010819
0.00010819
0.00010819
0.00010819
0.00010819
0.00010819
0.00010819
0.00010819
0.00010819
0.00010819
0.00010819
0.00010819
0.00010819
0.00010819
0.00010819
0.00010819
0.00010819
0.00010819
0.00010819
0.00010819
0.00010819
0.00010819
0.00010819
0.00010819
0.00010819
0.00010819
0.00010819
0.00010819
0.00010819
0.00010819
0.00010819
0.00010819
0.00010819
0.00010819
0.00010819
0.00010819
0.00010819
0.00010819
0.00010819
0.00010819
0.00010819
0.00010819
0.00010819
0.00010819
0.00010819
0.00010819
0.00010819
0.00010819
0.00010819
0.00010819
0.00010819
0.00010819
0.00010819
0.00010819
0.00010819
0.00010819
0.00010819
0.00010819
0.00010819
0.00010819
0.00010819
0.00010819
0.00010819
0.00010819
0.00010819
0.00010819
0.00010819
0.00010819
0.00010819
0.00010819
0.00010819
0.00010819
0.00010819
0.00010819
0.00010819
0.00010819
0.00010819
0.00010819
0.00010819
0.00010819
0.00010819
0.00010819
0.00010819
0.00010819
0.00010819
0.00010819
0.00010819
0.00010819
0.00010819
0.00010819
0.00010819
0.00010819
0.00010819
0.00010819
0.00010819
0.00010819
0.00010819
0.00010819
0.00010818
0.00010818
0.00010818
0.00010818
0.00010818
0.00010818
0.00010818
0.00010818
0.00010818
0.00010818
0.00010818
0.00010818
0.00010818
0.00010818
0.00010818
0.00010818
0.00010818
0.00010818
0.00010818
0.00010818
0.00010818
0.00010818
0.00010818
0.00010818
0.00010818
0.00010818
0.00010818
0.00010818
0.00010818
0.00010818
0.00010818
0.00010818
0.00010818
0.00010818
0.00010818
0.00010818
0.00010818
0.00010818
0.00010818
0.00010818
0.00010818
0.00010818
0.00010818
0.00010818
0.00010818
0.00010818
0.00010818
0.00010818
0.00010818
0.00010818
0.00010818
0.00010818
0.00010818
0.00010818
0.00010818
0.00010818
0.00010818
0.00010818
0.00010818
0.00010818
0.00010818
0.00010818
0.00010818
0.00010818
0.00010818
0.00010818
0.00010818
0.00010818
0.00010818
0.00010818
0.00010818
0.00010818
0.00010818
0.00010818
0.00010818
0.00010818
0.00010818
0.00010818
0.00010818
0.00010818
0.00010818
0.00010818
0.00010818
0.00010818
0.00010818
0.00010818
0.00010818
0.00010818
0.00010818
0.00010818
0.00010818
0.00010818
0.00010818
0.00010818
0.00010818
0.00010818
0.00010818
0.00010818
0.00010818
0.00010818
0.00010817
0.00010817
0.00010817
0.00010817
0.00010817
0.00010817
0.00010817
0.00010817
0.00010817
0.00010817
0.00010817
0.00010817
0.00010817
0.00010817
0.00010817
0.00010817
0.00010817
0.00010817
0.00010817
0.00010817
0.00010817
0.00010817
0.00010817
0.00010817
0.00010817
0.00010817
0.00010817
0.00010817
0.00010817
0.00010817
0.00010817
0.00010817
0.00010817
0.00010817
0.00010817
0.00010817
0.00010817
0.00010817
0.00010817
0.00010817
0.00010817
0.00010817
0.00010817
0.00010817
0.00010817
0.00010817
0.00010817
0.00010817
0.00010817
0.00010817
0.00010817
0.00010817
0.00010817
0.00010817
0.00010817
0.00010817
0.00010817
0.00010817
0.00010817
0.00010817
0.00010817
0.00010817
0.00010817
0.00010817
0.00010817
0.00010817
0.00010817
0.00010817
0.00010817
0.00010817
0.00010817
0.00010817
0.00010817
0.00010817
0.00010817
0.00010817
0.00010817
0.00010817
0.00010817
0.00010817
0.00010817
0.00010817
0.00010817
0.00010817
0.00010817
0.00010817
0.00010817
0.00010817
0.00010817
0.00010817
0.00010817
0.00010817
0.00010817
0.00010817
0.00010817
0.00010817
0.00010817
0.00010817
0.00010817
0.00010817
0.00010816
0.00010816
0.00010816
0.00010816
0.00010816
0.00010816
0.00010816
0.00010816
0.00010816
0.00010816
0.00010816
0.00010816
0.00010816
0.00010816
0.00010816
0.00010816
0.00010816
0.00010816
0.00010816
0.00010816
0.00010816
0.00010816
0.00010816
0.00010816
0.00010816
0.00010816
0.00010816
0.00010816
0.00010816
0.00010816
0.00010816
0.00010816
0.00010816
0.00010816
0.00010816
0.00010816
0.00010816
0.00010816
0.00010816
0.00010816
0.00010816
0.00010816
0.00010816
0.00010816
0.00010816
0.00010816
0.00010816
0.00010816
0.00010816
0.00010816
0.00010816
0.00010816
0.00010816
0.00010816
0.00010816
0.00010816
0.00010816
0.00010816
0.00010816
0.00010816
0.00010816
0.00010816
0.00010816
0.00010816
0.00010816
0.00010816
0.00010816
0.00010816
0.00010816
0.00010816
0.00010816
0.00010816
0.00010816
0.00010816
0.00010816
0.00010816
0.00010816
0.00010816
0.00010816
0.00010816
0.00010816
0.00010816
0.00010816
0.00010816
0.00010816
0.00010816
0.00010816
0.00010816
0.00010816
0.00010816
0.00010816
0.00010816
0.00010816
0.00010816
0.00010816
0.00010816
0.00010816
0.00010816
0.00010816
0.00010816
0.00010815
0.00010815
0.00010815
0.00010815
0.00010815
0.00010815
0.00010815
0.00010815
0.00010815
0.00010815
0.00010815
0.00010815
0.00010815
0.00010815
0.00010815
0.00010815
0.00010815
0.00010815
0.00010815
0.00010815
0.00010815
0.00010815
0.00010815
0.00010815
0.00010815
0.00010815
0.00010815
0.00010815
0.00010815
0.00010815
0.00010815
0.00010815
0.00010815
0.00010815
0.00010815
0.00010815
0.00010815
0.00010815
0.00010815
0.00010815
0.00010815
0.00010815
0.00010815
0.00010815
0.00010815
0.00010815
0.00010815
0.00010815
0.00010815
0.00010815
0.00010815
0.00010815
0.00010815
0.00010815
0.00010815
0.00010815
0.00010815
0.00010815
0.00010815
0.00010815
0.00010815
0.00010815
0.00010815
0.00010815
0.00010815
0.00010815
0.00010815
0.00010815
0.00010815
0.00010815
0.00010815
0.00010815
0.00010815
0.00010815
0.00010815
0.00010815
0.00010815
0.00010815
0.00010815
0.00010815
0.00010815
0.00010815
0.00010815
0.00010815
0.00010815
0.00010815
0.00010815
0.00010815
0.00010815
0.00010815
0.00010815
0.00010815
0.00010815
0.00010815
0.00010815
0.00010815
0.00010815
0.00010815
0.00010815
0.00010815
0.00010814
0.00010814
0.00010814
0.00010814
0.00010814
0.00010814
0.00010814
0.00010814
0.00010814
0.00010814
0.00010814
0.00010814
0.00010814
0.00010814
0.00010814
0.00010814
0.00010814
0.00010814
0.00010814
0.00010814
0.00010814
0.00010814
0.00010814
0.00010814
0.00010814
0.00010814
0.00010814
0.00010814
0.00010814
0.00010814
0.00010814
0.00010814
0.00010814
0.00010814
0.00010814
0.00010814
0.00010814
0.00010814
0.00010814
0.00010814
0.00010814
0.00010814
0.00010814
0.00010814
0.00010814
0.00010814
0.00010814
0.00010814
0.00010814
0.00010814
0.00010814
0.00010814
0.00010814
0.00010814
0.00010814
0.00010814
0.00010814
0.00010814
0.00010814
0.00010814
0.00010814
0.00010814
0.00010814
0.00010814
0.00010814
0.00010814
0.00010814
0.00010814
0.00010814
0.00010814
0.00010814
0.00010814
0.00010814
0.00010814
0.00010814
0.00010814
0.00010814
0.00010814
0.00010814
0.00010814
0.00010814
0.00010814
0.00010814
0.00010814
0.00010814
0.00010814
0.00010814
0.00010814
0.00010814
0.00010814
0.00010814
0.00010814
0.00010814
0.00010814
0.00010814
0.00010814
0.00010814
0.00010814
0.00010814
0.00010814
0.00010813
0.00010813
0.00010813
0.00010813
0.00010813
0.00010813
0.00010813
0.00010813
0.00010813
0.00010813
0.00010813
0.00010813
0.00010813
0.00010813
0.00010813
0.00010813
0.00010813
0.00010813
0.00010813
0.00010813
0.00010813
0.00010813
0.00010813
0.00010813
0.00010813
0.00010813
0.00010813
0.00010813
0.00010813
0.00010813
0.00010813
0.00010813
0.00010813
0.00010813
0.00010813
0.00010813
0.00010813
0.00010813
0.00010813
0.00010813
0.00010813
0.00010813
0.00010813
0.00010813
0.00010813
0.00010813
0.00010813
0.00010813
0.00010813
0.00010813
0.00010813
0.00010813
0.00010813
0.00010813
0.00010813
0.00010813
0.00010813
0.00010813
0.00010813
0.00010813
0.00010813
0.00010813
0.00010813
0.00010813
0.00010813
0.00010813
0.00010813
0.00010813
0.00010813
0.00010813
0.00010813
0.00010813
0.00010813
0.00010813
0.00010813
0.00010813
0.00010813
0.00010813
0.00010813
0.00010813
0.00010813
0.00010813
0.00010813
0.00010813
0.00010813
0.00010813
0.00010813
0.00010813
0.00010813
0.00010813
0.00010813
0.00010813
0.00010813
0.00010813
0.00010813
0.00010813
0.00010813
0.00010813
0.00010813
0.00010813
0.00010812
0.00010812
0.00010812
0.00010812
0.00010812
0.00010812
0.00010812
0.00010812
0.00010812
0.00010812
0.00010812
0.00010812
0.00010812
0.00010812
0.00010812
0.00010812
0.00010812
0.00010812
0.00010812
0.00010812
0.00010812
0.00010812
0.00010812
0.00010812
0.00010812
0.00010812
0.00010812
0.00010812
0.00010812
0.00010812
0.00010812
0.00010812
0.00010812
0.00010812
0.00010812
0.00010812
0.00010812
0.00010812
0.00010812
0.00010812
0.00010812
0.00010812
0.00010812
0.00010812
0.00010812
0.00010812
0.00010812
0.00010812
0.00010812
0.00010812
0.00010812
0.00010812
0.00010812
0.00010812
0.00010812
0.00010812
0.00010812
0.00010812
0.00010812
0.00010812
0.00010812
0.00010812
0.00010812
0.00010812
0.00010812
0.00010812
0.00010812
0.00010812
0.00010812
0.00010812
0.00010812
0.00010812
0.00010812
0.00010812
0.00010812
0.00010812
0.00010812
0.00010812
0.00010812
0.00010812
0.00010812
0.00010812
0.00010812
0.00010812
0.00010812
0.00010812
0.00010812
0.00010812
0.00010812
0.00010812
0.00010812
0.00010812
0.00010812
0.00010812
0.00010812
0.00010812
0.00010812
0.00010812
0.00010812
0.00010812
0.00010811
0.00010811
0.00010811
0.00010811
0.00010811
0.00010811
0.00010811
0.00010811
0.00010811
0.00010811
0.00010811
0.00010811
0.00010811
0.00010811
0.00010811
0.00010811
0.00010811
0.00010811
0.00010811
0.00010811
0.00010811
0.00010811
0.00010811
0.00010811
0.00010811
0.00010811
0.00010811
0.00010811
0.00010811
0.00010811
0.00010811
0.00010811
0.00010811
0.00010811
0.00010811
0.00010811
0.00010811
0.00010811
0.00010811
0.00010811
0.00010811
0.00010811
0.00010811
0.00010811
0.00010811
0.00010811
0.00010811
0.00010811
0.00010811
0.00010811
0.00010811
0.00010811
0.00010811
0.00010811
0.00010811
0.00010811
0.00010811
0.00010811
0.00010811
0.00010811
0.00010811
0.00010811
0.00010811
0.00010811
0.00010811
0.00010811
0.00010811
0.00010811
0.00010811
0.00010811
0.00010811
0.00010811
0.00010811
0.00010811
0.00010811
0.00010811
0.00010811
0.00010811
0.00010811
0.00010811
0.00010811
0.00010811
0.00010811
0.00010811
0.00010811
0.00010811
0.00010811
0.00010811
0.00010811
0.00010811
0.00010811
0.00010811
0.00010811
0.00010811
0.00010811
0.00010811
0.00010811
0.00010811
0.00010811
0.00010811
0.00010810
0.00010810
0.00010810
0.00010810
0.00010810
0.00010810
0.00010810
0.00010810
0.00010810
0.00010810
0.00010810
0.00010810
0.00010810
0.00010810
0.00010810
0.00010810
0.00010810
0.00010810
0.00010810
0.00010810
0.00010810
0.00010810
0.00010810
0.00010810
0.00010810
0.00010810
0.00010810
0.00010810
0.00010810
0.00010810
0.00010810
0.00010810
0.00010810
0.00010810
0.00010810
0.00010810
0.00010810
0.00010810
0.00010810
0.00010810
0.00010810
0.00010810
0.00010810
0.00010810
0.00010810
0.00010810
0.00010810
0.00010810
0.00010810
0.00010810
0.00010810
0.00010810
0.00010810
0.00010810
0.00010810
0.00010810
0.00010810
0.00010810
0.00010810
0.00010810
0.00010810
0.00010810
0.00010810
0.00010810
0.00010810
0.00010810
0.00010810
0.00010810
0.00010810
0.00010810
0.00010810
0.00010810
0.00010810
0.00010810
0.00010810
0.00010810
0.00010810
0.00010810
0.00010810
0.00010810
0.00010810
0.00010810
0.00010810
0.00010810
0.00010810
0.00010810
0.00010810
0.00010810
0.00010810
0.00010810
0.00010810
0.00010810
0.00010810
0.00010810
0.00010810
0.00010810
0.00010810
0.00010810
0.00010810
0.00010810
0.00010809
0.00010809
0.00010809
0.00010809
0.00010809
0.00010809
0.00010809
0.00010809
0.00010809
0.00010809
0.00010809
0.00010809
0.00010809
0.00010809
0.00010809
0.00010809
0.00010809
0.00010809
0.00010809
0.00010809
0.00010809
0.00010809
0.00010809
0.00010809
0.00010809
0.00010809
0.00010809
0.00010809
0.00010809
0.00010809
0.00010809
0.00010809
0.00010809
0.00010809
0.00010809
0.00010809
0.00010809
0.00010809
0.00010809
0.00010809
0.00010809
0.00010809
0.00010809
0.00010809
0.00010809
0.00010809
0.00010809
0.00010809
0.00010809
0.00010809
0.00010809
0.00010809
0.00010809
0.00010809
0.00010809
0.00010809
0.00010809
0.00010809
0.00010809
0.00010809
0.00010809
0.00010809
0.00010809
0.00010809
0.00010809
0.00010809
0.00010809
0.00010809
0.00010809
0.00010809
0.00010809
0.00010809
0.00010809
0.00010809
0.00010809
0.00010809
0.00010809
0.00010809
0.00010809
0.00010809
0.00010809
0.00010809
0.00010809
0.00010809
0.00010809
0.00010809
0.00010809
0.00010809
0.00010809
0.00010809
0.00010809
0.00010809
0.00010809
0.00010809
0.00010809
0.00010809
0.00010809
0.00010809
0.00010809
0.00010809
0.00010808
0.00010808
0.00010808
0.00010808
0.00010808
0.00010808
0.00010808
0.00010808
0.00010808
0.00010808
0.00010808
0.00010808
0.00010808
0.00010808
0.00010808
0.00010808
0.00010808
0.00010808
0.00010808
0.00010808
0.00010808
0.00010808
0.00010808
0.00010808
0.00010808
0.00010808
0.00010808
0.00010808
0.00010808
0.00010808
0.00010808
0.00010808
0.00010808
0.00010808
0.00010808
0.00010808
0.00010808
0.00010808
0.00010808
0.00010808
0.00010808
0.00010808
0.00010808
0.00010808
0.00010808
0.00010808
0.00010808
0.00010808
0.00010808
0.00010808
0.00010808
0.00010808
0.00010808
0.00010808
0.00010808
0.00010808
0.00010808
0.00010808
0.00010808
0.00010808
0.00010808
0.00010808
0.00010808
0.00010808
0.00010808
0.00010808
0.00010808
0.00010808
0.00010808
0.00010808
0.00010808
0.00010808
0.00010808
0.00010808
0.00010808
0.00010808
0.00010808
0.00010808
0.00010808
0.00010808
0.00010808
0.00010808
0.00010808
0.00010808
0.00010808
0.00010808
0.00010808
0.00010808
0.00010808
0.00010808
0.00010808
0.00010808
0.00010808
0.00010808
0.00010808
0.00010808
0.00010808
0.00010808
0.00010808
0.00010808
0.00010807
0.00010807
0.00010807
0.00010807
0.00010807
0.00010807
0.00010807
0.00010807
0.00010807
0.00010807
0.00010807
0.00010807
0.00010807
0.00010807
0.00010807
0.00010807
0.00010807
0.00010807
0.00010807
0.00010807
0.00010807
0.00010807
0.00010807
0.00010807
0.00010807
0.00010807
0.00010807
0.00010807
0.00010807
0.00010807
0.00010807
0.00010807
0.00010807
0.00010807
0.00010807
0.00010807
0.00010807
0.00010807
0.00010807
0.00010807
0.00010807
0.00010807
0.00010807
0.00010807
0.00010807
0.00010807
0.00010807
0.00010807
0.00010807
0.00010807
0.00010807
0.00010807
0.00010807
0.00010807
0.00010807
0.00010807
0.00010807
0.00010807
0.00010807
0.00010807
0.00010807
0.00010807
0.00010807
0.00010807
0.00010807
0.00010807
0.00010807
0.00010807
0.00010807
0.00010807
0.00010807
0.00010807
0.00010807
0.00010807
0.00010807
0.00010807
0.00010807
0.00010807
0.00010807
0.00010807
0.00010807
0.00010807
0.00010807
0.00010807
0.00010807
0.00010807
0.00010807
0.00010807
0.00010807
0.00010807
0.00010807
0.00010807
0.00010807
0.00010807
0.00010807
0.00010807
0.00010807
0.00010807
0.00010807
0.00010807
0.00010806
0.00010806
0.00010806
0.00010806
0.00010806
0.00010806
0.00010806
0.00010806
0.00010806
0.00010806
0.00010806
0.00010806
0.00010806
0.00010806
0.00010806
0.00010806
0.00010806
0.00010806
0.00010806
0.00010806
0.00010806
0.00010806
0.00010806
0.00010806
0.00010806
0.00010806
0.00010806
0.00010806
0.00010806
0.00010806
0.00010806
0.00010806
0.00010806
0.00010806
0.00010806
0.00010806
0.00010806
0.00010806
0.00010806
0.00010806
0.00010806
0.00010806
0.00010806
0.00010806
0.00010806
0.00010806
0.00010806
0.00010806
0.00010806
0.00010806
0.00010806
0.00010806
0.00010806
0.00010806
0.00010806
0.00010806
0.00010806
0.00010806
0.00010806
0.00010806
0.00010806
0.00010806
0.00010806
0.00010806
0.00010806
0.00010806
0.00010806
0.00010806
0.00010806
0.00010806
0.00010806
0.00010806
0.00010806
0.00010806
0.00010806
0.00010806
0.00010806
0.00010806
0.00010806
0.00010806
0.00010806
0.00010806
0.00010806
0.00010806
0.00010806
0.00010806
0.00010806
0.00010806
0.00010806
0.00010806
0.00010806
0.00010806
0.00010806
0.00010806
0.00010806
0.00010806
0.00010806
0.00010806
0.00010806
0.00010806
0.00010805
0.00010805
0.00010805
0.00010805
0.00010805
0.00010805
0.00010805
0.00010805
0.00010805
0.00010805
0.00010805
0.00010805
0.00010805
0.00010805
0.00010805
0.00010805
0.00010805
0.00010805
0.00010805
0.00010805
0.00010805
0.00010805
0.00010805
0.00010805
0.00010805
0.00010805
0.00010805
0.00010805
0.00010805
0.00010805
0.00010805
0.00010805
0.00010805
0.00010805
0.00010805
0.00010805
0.00010805
0.00010805
0.00010805
0.00010805
0.00010805
0.00010805
0.00010805
0.00010805
0.00010805
0.00010805
0.00010805
0.00010805
0.00010805
0.00010805
0.00010805
0.00010805
0.00010805
0.00010805
0.00010805
0.00010805
0.00010805
0.00010805
0.00010805
0.00010805
0.00010805
0.00010805
0.00010805
0.00010805
0.00010805
0.00010805
0.00010805
0.00010805
0.00010805
0.00010805
0.00010805
0.00010805
0.00010805
0.00010805
0.00010805
0.00010805
0.00010805
0.00010805
0.00010805
0.00010805
0.00010805
0.00010805
0.00010805
0.00010805
0.00010805
0.00010805
0.00010805
0.00010805
0.00010805
0.00010805
0.00010805
0.00010805
0.00010805
0.00010805
0.00010805
0.00010805
0.00010805
0.00010805
0.00010805
0.00010805
0.00010804
0.00010804
0.00010804
0.00010804
0.00010804
0.00010804
0.00010804
0.00010804
0.00010804
0.00010804
0.00010804
0.00010804
0.00010804
0.00010804
0.00010804
0.00010804
0.00010804
0.00010804
0.00010804
0.00010804
0.00010804
0.00010804
0.00010804
0.00010804
0.00010804
0.00010804
0.00010804
0.00010804
0.00010804
0.00010804
0.00010804
0.00010804
0.00010804
0.00010804
0.00010804
0.00010804
0.00010804
0.00010804
0.00010804
0.00010804
0.00010804
0.00010804
0.00010804
0.00010804
0.00010804
0.00010804
0.00010804
0.00010804
0.00010804
0.00010804
0.00010804
0.00010804
0.00010804
0.00010804
0.00010804
0.00010804
0.00010804
0.00010804
0.00010804
0.00010804
0.00010804
0.00010804
0.00010804
0.00010804
0.00010804
0.00010804
0.00010804
0.00010804
0.00010804
0.00010804
0.00010804
0.00010804
0.00010804
0.00010804
0.00010804
0.00010804
0.00010804
0.00010804
0.00010804
0.00010804
0.00010804
0.00010804
0.00010804
0.00010804
0.00010804
0.00010804
0.00010804
0.00010804
0.00010804
0.00010804
0.00010804
0.00010804
0.00010804
0.00010804
0.00010804
0.00010804
0.00010804
0.00010804
0.00010804
0.00010804
0.00010803
0.00010803
0.00010803
0.00010803
0.00010803
0.00010803
0.00010803
0.00010803
0.00010803
0.00010803
0.00010803
0.00010803
0.00010803
0.00010803
0.00010803
0.00010803
0.00010803
0.00010803
0.00010803
0.00010803
0.00010803
0.00010803
0.00010803
0.00010803
0.00010803
0.00010803
0.00010803
0.00010803
0.00010803
0.00010803
0.00010803
0.00010803
0.00010803
0.00010803
0.00010803
0.00010803
0.00010803
0.00010803
0.00010803
0.00010803
0.00010803
0.00010803
0.00010803
0.00010803
0.00010803
0.00010803
0.00010803
0.00010803
0.00010803
0.00010803
0.00010803
0.00010803
0.00010803
0.00010803
0.00010803
0.00010803
0.00010803
0.00010803
0.00010803
0.00010803
0.00010803
0.00010803
0.00010803
0.00010803
0.00010803
0.00010803
0.00010803
0.00010803
0.00010803
0.00010803
0.00010803
0.00010803
0.00010803
0.00010803
0.00010803
0.00010803
0.00010803
0.00010803
0.00010803
0.00010803
0.00010803
0.00010803
0.00010803
0.00010803
0.00010803
0.00010803
0.00010803
0.00010803
0.00010803
0.00010803
0.00010803
0.00010803
0.00010803
0.00010803
0.00010803
0.00010803
0.00010803
0.00010803
0.00010803
0.00010803
0.00010802
0.00010802
0.00010802
0.00010802
0.00010802
0.00010802
0.00010802
0.00010802
0.00010802
0.00010802
0.00010802
0.00010802
0.00010802
0.00010802
0.00010802
0.00010802
0.00010802
0.00010802
0.00010802
0.00010802
0.00010802
0.00010802
0.00010802
0.00010802
0.00010802
0.00010802
0.00010802
0.00010802
0.00010802
0.00010802
0.00010802
0.00010802
0.00010802
0.00010802
0.00010802
0.00010802
0.00010802
0.00010802
0.00010802
0.00010802
0.00010802
0.00010802
0.00010802
0.00010802
0.00010802
0.00010802
0.00010802
0.00010802
0.00010802
0.00010802
0.00010802
0.00010802
0.00010802
0.00010802
0.00010802
0.00010802
0.00010802
0.00010802
0.00010802
0.00010802
0.00010802
0.00010802
0.00010802
0.00010802
0.00010802
0.00010802
0.00010802
0.00010802
0.00010802
0.00010802
0.00010802
0.00010802
0.00010802
0.00010802
0.00010802
0.00010802
0.00010802
0.00010802
0.00010802
0.00010802
0.00010802
0.00010802
0.00010802
0.00010802
0.00010802
0.00010802
0.00010802
0.00010802
0.00010802
0.00010802
0.00010802
0.00010802
0.00010802
0.00010802
0.00010802
0.00010802
0.00010802
0.00010802
0.00010802
0.00010802
0.00010801
0.00010801
0.00010801
0.00010801
0.00010801
0.00010801
0.00010801
0.00010801
0.00010801
0.00010801
0.00010801
0.00010801
0.00010801
0.00010801
0.00010801
0.00010801
0.00010801
0.00010801
0.00010801
0.00010801
0.00010801
0.00010801
0.00010801
0.00010801
0.00010801
0.00010801
0.00010801
0.00010801
0.00010801
0.00010801
0.00010801
0.00010801
0.00010801
0.00010801
0.00010801
0.00010801
0.00010801
0.00010801
0.00010801
0.00010801
0.00010801
0.00010801
0.00010801
0.00010801
0.00010801
0.00010801
0.00010801
0.00010801
0.00010801
0.00010801
0.00010801
0.00010801
0.00010801
0.00010801
0.00010801
0.00010801
0.00010801
0.00010801
0.00010801
0.00010801
0.00010801
0.00010801
0.00010801
0.00010801
0.00010801
0.00010801
0.00010801
0.00010801
0.00010801
0.00010801
0.00010801
0.00010801
0.00010801
0.00010801
0.00010801
0.00010801
0.00010801
0.00010801
0.00010801
0.00010801
0.00010801
0.00010801
0.00010801
0.00010801
0.00010801
0.00010801
0.00010801
0.00010801
0.00010801
0.00010801
0.00010801
0.00010801
0.00010801
0.00010801
0.00010801
0.00010801
0.00010801
0.00010801
0.00010801
0.00010801
0.00010800
0.00010800
0.00010800
0.00010800
0.00010800
0.00010800
0.00010800
0.00010800
0.00010800
0.00010800
0.00010800
0.00010800
0.00010800
0.00010800
0.00010800
0.00010800
0.00010800
0.00010800
0.00010800
0.00010800
0.00010800
0.00010800
0.00010800
0.00010800
0.00010800
0.00010800
0.00010800
0.00010800
0.00010800
0.00010800
0.00010800
0.00010800
0.00010800
0.00010800
0.00010800
0.00010800
0.00010800
0.00010800
0.00010800
0.00010800
0.00010800
0.00010800
0.00010800
0.00010800
0.00010800
0.00010800
0.00010800
0.00010800
0.00010800
0.00010800
0.00010800
0.00010800
0.00010800
0.00010800
0.00010800
0.00010800
0.00010800
0.00010800
0.00010800
0.00010800
0.00010800
0.00010800
0.00010800
0.00010800
0.00010800
0.00010800
0.00010800
0.00010800
0.00010800
0.00010800
0.00010800
0.00010800
0.00010800
0.00010800
0.00010800
0.00010800
0.00010800
0.00010800
0.00010800
0.00010800
0.00010800
0.00010800
0.00010800
0.00010800
0.00010800
0.00010800
0.00010800
0.00010800
0.00010800
0.00010800
0.00010800
0.00010800
0.00010800
0.00010800
0.00010800
0.00010800
0.00010800
0.00010800
0.00010800
0.00010800
0.00010799
0.00010799
0.00010799
0.00010799
0.00010799
0.00010799
0.00010799
0.00010799
0.00010799
0.00010799
0.00010799
0.00010799
0.00010799
0.00010799
0.00010799
0.00010799
0.00010799
0.00010799
0.00010799
0.00010799
0.00010799
0.00010799
0.00010799
0.00010799
0.00010799
0.00010799
0.00010799
0.00010799
0.00010799
0.00010799
0.00010799
0.00010799
0.00010799
0.00010799
0.00010799
0.00010799
0.00010799
0.00010799
0.00010799
0.00010799
0.00010799
0.00010799
0.00010799
0.00010799
0.00010799
0.00010799
0.00010799
0.00010799
0.00010799
0.00010799
0.00010799
0.00010799
0.00010799
0.00010799
0.00010799
0.00010799
0.00010799
0.00010799
0.00010799
0.00010799
0.00010799
0.00010799
0.00010799
0.00010799
0.00010799
0.00010799
0.00010799
0.00010799
0.00010799
0.00010799
0.00010799
0.00010799
0.00010799
0.00010799
0.00010799
0.00010799
0.00010799
0.00010799
0.00010799
0.00010799
0.00010799
0.00010799
0.00010799
0.00010799
0.00010799
0.00010799
0.00010799
0.00010799
0.00010799
0.00010799
0.00010799
0.00010799
0.00010799
0.00010799
0.00010799
0.00010799
0.00010799
0.00010799
0.00010799
0.00010799
0.00010798
0.00010798
0.00010798
0.00010798
0.00010798
0.00010798
0.00010798
0.00010798
0.00010798
0.00010798
0.00010798
0.00010798
0.00010798
0.00010798
0.00010798
0.00010798
0.00010798
0.00010798
0.00010798
0.00010798
0.00010798
0.00010798
0.00010798
0.00010798
0.00010798
0.00010798
0.00010798
0.00010798
0.00010798
0.00010798
0.00010798
0.00010798
0.00010798
0.00010798
0.00010798
0.00010798
0.00010798
0.00010798
0.00010798
0.00010798
0.00010798
0.00010798
0.00010798
0.00010798
0.00010798
0.00010798
0.00010798
0.00010798
0.00010798
0.00010798
0.00010798
0.00010798
0.00010798
0.00010798
0.00010798
0.00010798
0.00010798
0.00010798
0.00010798
0.00010798
0.00010798
0.00010798
0.00010798
0.00010798
0.00010798
0.00010798
0.00010798
0.00010798
0.00010798
0.00010798
0.00010798
0.00010798
0.00010798
0.00010798
0.00010798
0.00010798
0.00010798
0.00010798
0.00010798
0.00010798
0.00010798
0.00010798
0.00010798
0.00010798
0.00010798
0.00010798
0.00010798
0.00010798
0.00010798
0.00010798
0.00010798
0.00010798
0.00010798
0.00010798
0.00010798
0.00010798
0.00010798
0.00010798
0.00010798
0.00010798
0.00010797
0.00010797
0.00010797
0.00010797
0.00010797
0.00010797
0.00010797
0.00010797
0.00010797
0.00010797
0.00010797
0.00010797
0.00010797
0.00010797
0.00010797
0.00010797
0.00010797
0.00010797
0.00010797
0.00010797
0.00010797
0.00010797
0.00010797
0.00010797
0.00010797
0.00010797
0.00010797
0.00010797
0.00010797
0.00010797
0.00010797
0.00010797
0.00010797
0.00010797
0.00010797
0.00010797
0.00010797
0.00010797
0.00010797
0.00010797
0.00010797
0.00010797
0.00010797
0.00010797
0.00010797
0.00010797
0.00010797
0.00010797
0.00010797
0.00010797
0.00010797
0.00010797
0.00010797
0.00010797
0.00010797
0.00010797
0.00010797
0.00010797
0.00010797
0.00010797
0.00010797
0.00010797
0.00010797
0.00010797
0.00010797
0.00010797
0.00010797
0.00010797
0.00010797
0.00010797
0.00010797
0.00010797
0.00010797
0.00010797
0.00010797
0.00010797
0.00010797
0.00010797
0.00010797
0.00010797
0.00010797
0.00010797
0.00010797
0.00010797
0.00010797
0.00010797
0.00010797
0.00010797
0.00010797
0.00010797
0.00010797
0.00010797
0.00010797
0.00010797
0.00010797
0.00010797
0.00010797
0.00010797
0.00010797
0.00010797
0.00010796
0.00010796
0.00010796
0.00010796
0.00010796
0.00010796
0.00010796
0.00010796
0.00010796
0.00010796
0.00010796
0.00010796
0.00010796
0.00010796
0.00010796
0.00010796
0.00010796
0.00010796
0.00010796
0.00010796
0.00010796
0.00010796
0.00010796
0.00010796
0.00010796
0.00010796
0.00010796
0.00010796
0.00010796
0.00010796
0.00010796
0.00010796
0.00010796
0.00010796
0.00010796
0.00010796
0.00010796
0.00010796
0.00010796
0.00010796
0.00010796
0.00010796
0.00010796
0.00010796
0.00010796
0.00010796
0.00010796
0.00010796
0.00010796
0.00010796
0.00010796
0.00010796
0.00010796
0.00010796
0.00010796
0.00010796
0.00010796
0.00010796
0.00010796
0.00010796
0.00010796
0.00010796
0.00010796
0.00010796
0.00010796
0.00010796
0.00010796
0.00010796
0.00010796
0.00010796
0.00010796
0.00010796
0.00010796
0.00010796
0.00010796
0.00010796
0.00010796
0.00010796
0.00010796
0.00010796
0.00010796
0.00010796
0.00010796
0.00010796
0.00010796
0.00010796
0.00010796
0.00010796
0.00010796
0.00010796
0.00010796
0.00010796
0.00010796
0.00010796
0.00010796
0.00010796
0.00010796
0.00010796
0.00010796
0.00010796
0.00010795
0.00010795
0.00010795
0.00010795
0.00010795
0.00010795
0.00010795
0.00010795
0.00010795
0.00010795
0.00010795
0.00010795
0.00010795
0.00010795
0.00010795
0.00010795
0.00010795
0.00010795
0.00010795
0.00010795
0.00010795
0.00010795
0.00010795
0.00010795
0.00010795
0.00010795
0.00010795
0.00010795
0.00010795
0.00010795
0.00010795
0.00010795
0.00010795
0.00010795
0.00010795
0.00010795
0.00010795
0.00010795
0.00010795
0.00010795
0.00010795
0.00010795
0.00010795
0.00010795
0.00010795
0.00010795
0.00010795
0.00010795
0.00010795
0.00010795
0.00010795
0.00010795
0.00010795
0.00010795
0.00010795
0.00010795
0.00010795
0.00010795
0.00010795
0.00010795
0.00010795
0.00010795
0.00010795
0.00010795
0.00010795
0.00010795
0.00010795
0.00010795
0.00010795
0.00010795
0.00010795
0.00010795
0.00010795
0.00010795
0.00010795
0.00010795
0.00010795
0.00010795
0.00010795
0.00010795
0.00010795
0.00010795
0.00010795
0.00010795
0.00010795
0.00010795
0.00010795
0.00010795
0.00010795
0.00010795
0.00010795
0.00010795
0.00010795
0.00010795
0.00010795
0.00010795
0.00010795
0.00010795
0.00010795
0.00010795
0.00010794
0.00010794
0.00010794
0.00010794
0.00010794
0.00010794
0.00010794
0.00010794
0.00010794
0.00010794
0.00010794
0.00010794
0.00010794
0.00010794
0.00010794
0.00010794
0.00010794
0.00010794
0.00010794
0.00010794
0.00010794
0.00010794
0.00010794
0.00010794
0.00010794
0.00010794
0.00010794
0.00010794
0.00010794
0.00010794
0.00010794
0.00010794
0.00010794
0.00010794
0.00010794
0.00010794
0.00010794
0.00010794
0.00010794
0.00010794
0.00010794
0.00010794
0.00010794
0.00010794
0.00010794
0.00010794
0.00010794
0.00010794
0.00010794
0.00010794
0.00010794
0.00010794
0.00010794
0.00010794
0.00010794
0.00010794
0.00010794
0.00010794
0.00010794
0.00010794
0.00010794
0.00010794
0.00010794
0.00010794
0.00010794
0.00010794
0.00010794
0.00010794
0.00010794
0.00010794
0.00010794
0.00010794
0.00010794
0.00010794
0.00010794
0.00010794
0.00010794
0.00010794
0.00010794
0.00010794
0.00010794
0.00010794
0.00010794
0.00010794
0.00010794
0.00010794
0.00010794
0.00010794
0.00010794
0.00010794
0.00010794
0.00010794
0.00010794
0.00010794
0.00010794
0.00010794
0.00010794
0.00010794
0.00010794
0.00010794
0.00010793
0.00010793
0.00010793
0.00010793
0.00010793
0.00010793
0.00010793
0.00010793
0.00010793
0.00010793
0.00010793
0.00010793
0.00010793
0.00010793
0.00010793
0.00010793
0.00010793
0.00010793
0.00010793
0.00010793
0.00010793
0.00010793
0.00010793
0.00010793
0.00010793
0.00010793
0.00010793
0.00010793
0.00010793
0.00010793
0.00010793
0.00010793
0.00010793
0.00010793
0.00010793
0.00010793
0.00010793
0.00010793
0.00010793
0.00010793
0.00010793
0.00010793
0.00010793
0.00010793
0.00010793
0.00010793
0.00010793
0.00010793
0.00010793
0.00010793
0.00010793
0.00010793
0.00010793
0.00010793
0.00010793
0.00010793
0.00010793
0.00010793
0.00010793
0.00010793
0.00010793
0.00010793
0.00010793
0.00010793
0.00010793
0.00010793
0.00010793
0.00010793
0.00010793
0.00010793
0.00010793
0.00010793
0.00010793
0.00010793
0.00010793
0.00010793
0.00010793
0.00010793
0.00010793
0.00010793
0.00010793
0.00010793
0.00010793
0.00010793
0.00010793
0.00010793
0.00010793
0.00010793
0.00010793
0.00010793
0.00010793
0.00010793
0.00010793
0.00010793
0.00010793
0.00010793
0.00010793
0.00010793
0.00010793
0.00010793
0.00010792
0.00010792
0.00010792
0.00010792
0.00010792
0.00010792
0.00010792
0.00010792
0.00010792
0.00010792
0.00010792
0.00010792
0.00010792
0.00010792
0.00010792
0.00010792
0.00010792
0.00010792
0.00010792
0.00010792
0.00010792
0.00010792
0.00010792
0.00010792
0.00010792
0.00010792
0.00010792
0.00010792
0.00010792
0.00010792
0.00010792
0.00010792
0.00010792
0.00010792
0.00010792
0.00010792
0.00010792
0.00010792
0.00010792
0.00010792
0.00010792
0.00010792
0.00010792
0.00010792
0.00010792
0.00010792
0.00010792
0.00010792
0.00010792
0.00010792
0.00010792
0.00010792
0.00010792
0.00010792
0.00010792
0.00010792
0.00010792
0.00010792
0.00010792
0.00010792
0.00010792
0.00010792
0.00010792
0.00010792
0.00010792
0.00010792
0.00010792
0.00010792
0.00010792
0.00010792
0.00010792
0.00010792
0.00010792
0.00010792
0.00010792
0.00010792
0.00010792
0.00010792
0.00010792
0.00010792
0.00010792
0.00010792
0.00010792
0.00010792
0.00010792
0.00010792
0.00010792
0.00010792
0.00010792
0.00010792
0.00010792
0.00010792
0.00010792
0.00010792
0.00010792
0.00010792
0.00010792
0.00010792
0.00010792
0.00010792
0.00010791
0.00010791
0.00010791
0.00010791
0.00010791
0.00010791
0.00010791
0.00010791
0.00010791
0.00010791
0.00010791
0.00010791
0.00010791
0.00010791
0.00010791
0.00010791
0.00010791
0.00010791
0.00010791
0.00010791
0.00010791
0.00010791
0.00010791
0.00010791
0.00010791
0.00010791
0.00010791
0.00010791
0.00010791
0.00010791
0.00010791
0.00010791
0.00010791
0.00010791
0.00010791
0.00010791
0.00010791
0.00010791
0.00010791
0.00010791
0.00010791
0.00010791
0.00010791
0.00010791
0.00010791
0.00010791
0.00010791
0.00010791
0.00010791
0.00010791
0.00010791
0.00010791
0.00010791
0.00010791
0.00010791
0.00010791
0.00010791
0.00010791
0.00010791
0.00010791
0.00010791
0.00010791
0.00010791
0.00010791
0.00010791
0.00010791
0.00010791
0.00010791
0.00010791
0.00010791
0.00010791
0.00010791
0.00010791
0.00010791
0.00010791
0.00010791
0.00010791
0.00010791
0.00010791
0.00010791
0.00010791
0.00010791
0.00010791
0.00010791
0.00010791
0.00010791
0.00010791
0.00010791
0.00010791
0.00010791
0.00010791
0.00010791
0.00010791
0.00010791
0.00010791
0.00010791
0.00010791
0.00010791
0.00010791
0.00010791
0.00010790
0.00010790
0.00010790
0.00010790
0.00010790
0.00010790
0.00010790
0.00010790
0.00010790
0.00010790
0.00010790
0.00010790
0.00010790
0.00010790
0.00010790
0.00010790
0.00010790
0.00010790
0.00010790
0.00010790
0.00010790
0.00010790
0.00010790
0.00010790
0.00010790
0.00010790
0.00010790
0.00010790
0.00010790
0.00010790
0.00010790
0.00010790
0.00010790
0.00010790
0.00010790
0.00010790
0.00010790
0.00010790
0.00010790
0.00010790
0.00010790
0.00010790
0.00010790
0.00010790
0.00010790
0.00010790
0.00010790
0.00010790
0.00010790
0.00010790
0.00010790
0.00010790
0.00010790
0.00010790
0.00010790
0.00010790
0.00010790
0.00010790
0.00010790
0.00010790
0.00010790
0.00010790
0.00010790
0.00010790
0.00010790
0.00010790
0.00010790
0.00010790
0.00010790
0.00010790
0.00010790
0.00010790
0.00010790
0.00010790
0.00010790
0.00010790
0.00010790
0.00010790
0.00010790
0.00010790
0.00010790
0.00010790
0.00010790
0.00010790
0.00010790
0.00010790
0.00010790
0.00010790
0.00010790
0.00010790
0.00010790
0.00010790
0.00010790
0.00010790
0.00010790
0.00010790
0.00010790
0.00010790
0.00010790
0.00010790
0.00010789
0.00010789
0.00010789
0.00010789
0.00010789
0.00010789
0.00010789
0.00010789
0.00010789
0.00010789
0.00010789
0.00010789
0.00010789
0.00010789
0.00010789
0.00010789
0.00010789
0.00010789
0.00010789
0.00010789
0.00010789
0.00010789
0.00010789
0.00010789
0.00010789
0.00010789
0.00010789
0.00010789
0.00010789
0.00010789
0.00010789
0.00010789
0.00010789
0.00010789
0.00010789
0.00010789
0.00010789
0.00010789
0.00010789
0.00010789
0.00010789
0.00010789
0.00010789
0.00010789
0.00010789
0.00010789
0.00010789
0.00010789
0.00010789
0.00010789
0.00010789
0.00010789
0.00010789
0.00010789
0.00010789
0.00010789
0.00010789
0.00010789
0.00010789
0.00010789
0.00010789
0.00010789
0.00010789
0.00010789
0.00010789
0.00010789
0.00010789
0.00010789
0.00010789
0.00010789
0.00010789
0.00010789
0.00010789
0.00010789
0.00010789
0.00010789
0.00010789
0.00010789
0.00010789
0.00010789
0.00010789
0.00010789
0.00010789
0.00010789
0.00010789
0.00010789
0.00010789
0.00010789
0.00010789
0.00010789
0.00010789
0.00010789
0.00010789
0.00010789
0.00010789
0.00010789
0.00010789
0.00010789
0.00010789
0.00010789
0.00010788
0.00010788
0.00010788
0.00010788
0.00010788
0.00010788
0.00010788
0.00010788
0.00010788
0.00010788
0.00010788
0.00010788
0.00010788
0.00010788
0.00010788
0.00010788
0.00010788
0.00010788
0.00010788
0.00010788
0.00010788
0.00010788
0.00010788
0.00010788
0.00010788
0.00010788
0.00010788
0.00010788
0.00010788
0.00010788
0.00010788
0.00010788
0.00010788
0.00010788
0.00010788
0.00010788
0.00010788
0.00010788
0.00010788
0.00010788
0.00010788
0.00010788
0.00010788
0.00010788
0.00010788
0.00010788
0.00010788
0.00010788
0.00010788
0.00010788
0.00010788
0.00010788
0.00010788
0.00010788
0.00010788
0.00010788
0.00010788
0.00010788
0.00010788
0.00010788
0.00010788
0.00010788
0.00010788
0.00010788
0.00010788
0.00010788
0.00010788
0.00010788
0.00010788
0.00010788
0.00010788
0.00010788
0.00010788
0.00010788
0.00010788
0.00010788
0.00010788
0.00010788
0.00010788
0.00010788
0.00010788
0.00010788
0.00010788
0.00010788
0.00010788
0.00010788
0.00010788
0.00010788
0.00010788
0.00010788
0.00010788
0.00010788
0.00010788
0.00010788
0.00010788
0.00010788
0.00010788
0.00010788
0.00010788
0.00010788
0.00010787
0.00010787
0.00010787
0.00010787
0.00010787
0.00010787
0.00010787
0.00010787
0.00010787
0.00010787
0.00010787
0.00010787
0.00010787
0.00010787
0.00010787
0.00010787
0.00010787
0.00010787
0.00010787
0.00010787
0.00010787
0.00010787
0.00010787
0.00010787
0.00010787
0.00010787
0.00010787
0.00010787
0.00010787
0.00010787
0.00010787
0.00010787
0.00010787
0.00010787
0.00010787
0.00010787
0.00010787
0.00010787
0.00010787
0.00010787
0.00010787
0.00010787
0.00010787
0.00010787
0.00010787
0.00010787
0.00010787
0.00010787
0.00010787
0.00010787
0.00010787
0.00010787
0.00010787
0.00010787
0.00010787
0.00010787
0.00010787
0.00010787
0.00010787
0.00010787
0.00010787
0.00010787
0.00010787
0.00010787
0.00010787
0.00010787
0.00010787
0.00010787
0.00010787
0.00010787
0.00010787
0.00010787
0.00010787
0.00010787
0.00010787
0.00010787
0.00010787
0.00010787
0.00010787
0.00010787
0.00010787
0.00010787
0.00010787
0.00010787
0.00010787
0.00010787
0.00010787
0.00010787
0.00010787
0.00010787
0.00010787
0.00010787
0.00010787
0.00010787
0.00010787
0.00010787
0.00010787
0.00010787
0.00010787
0.00010787
0.00010786
0.00010786
0.00010786
0.00010786
0.00010786
0.00010786
0.00010786
0.00010786
0.00010786
0.00010786
0.00010786
0.00010786
0.00010786
0.00010786
0.00010786
0.00010786
0.00010786
0.00010786
0.00010786
0.00010786
0.00010786
0.00010786
0.00010786
0.00010786
0.00010786
0.00010786
0.00010786
0.00010786
0.00010786
0.00010786
0.00010786
0.00010786
0.00010786
0.00010786
0.00010786
0.00010786
0.00010786
0.00010786
0.00010786
0.00010786
0.00010786
0.00010786
0.00010786
0.00010786
0.00010786
0.00010786
0.00010786
0.00010786
0.00010786
0.00010786
0.00010786
0.00010786
0.00010786
0.00010786
0.00010786
0.00010786
0.00010786
0.00010786
0.00010786
0.00010786
0.00010786
0.00010786
0.00010786
0.00010786
0.00010786
0.00010786
0.00010786
0.00010786
0.00010786
0.00010786
0.00010786
0.00010786
0.00010786
0.00010786
0.00010786
0.00010786
0.00010786
0.00010786
0.00010786
0.00010786
0.00010786
0.00010786
0.00010786
0.00010786
0.00010786
0.00010786
0.00010786
0.00010786
0.00010786
0.00010786
0.00010786
0.00010786
0.00010786
0.00010786
0.00010786
0.00010786
0.00010786
0.00010786
0.00010786
0.00010786
0.00010785
0.00010785
0.00010785
0.00010785
0.00010785
0.00010785
0.00010785
0.00010785
0.00010785
0.00010785
0.00010785
0.00010785
0.00010785
0.00010785
0.00010785
0.00010785
0.00010785
0.00010785
0.00010785
0.00010785
0.00010785
0.00010785
0.00010785
0.00010785
0.00010785
0.00010785
0.00010785
0.00010785
0.00010785
0.00010785
0.00010785
0.00010785
0.00010785
0.00010785
0.00010785
0.00010785
0.00010785
0.00010785
0.00010785
0.00010785
0.00010785
0.00010785
0.00010785
0.00010785
0.00010785
0.00010785
0.00010785
0.00010785
0.00010785
0.00010785
0.00010785
0.00010785
0.00010785
0.00010785
0.00010785
0.00010785
0.00010785
0.00010785
0.00010785
0.00010785
0.00010785
0.00010785
0.00010785
0.00010785
0.00010785
0.00010785
0.00010785
0.00010785
0.00010785
0.00010785
0.00010785
0.00010785
0.00010785
0.00010785
0.00010785
0.00010785
0.00010785
0.00010785
0.00010785
0.00010785
0.00010785
0.00010785
0.00010785
0.00010785
0.00010785
0.00010785
0.00010785
0.00010785
0.00010785
0.00010785
0.00010785
0.00010785
0.00010785
0.00010785
0.00010785
0.00010785
0.00010785
0.00010785
0.00010785
0.00010785
0.00010784
0.00010784
0.00010784
0.00010784
0.00010784
0.00010784
0.00010784
0.00010784
0.00010784
0.00010784
0.00010784
0.00010784
0.00010784
0.00010784
0.00010784
0.00010784
0.00010784
0.00010784
0.00010784
0.00010784
0.00010784
0.00010784
0.00010784
0.00010784
0.00010784
0.00010784
0.00010784
0.00010784
0.00010784
0.00010784
0.00010784
0.00010784
0.00010784
0.00010784
0.00010784
0.00010784
0.00010784
0.00010784
0.00010784
0.00010784
0.00010784
0.00010784
0.00010784
0.00010784
0.00010784
0.00010784
0.00010784
0.00010784
0.00010784
0.00010784
0.00010784
0.00010784
0.00010784
0.00010784
0.00010784
0.00010784
0.00010784
0.00010784
0.00010784
0.00010784
0.00010784
0.00010784
0.00010784
0.00010784
0.00010784
0.00010784
0.00010784
0.00010784
0.00010784
0.00010784
0.00010784
0.00010784
0.00010784
0.00010784
0.00010784
0.00010784
0.00010784
0.00010784
0.00010784
0.00010784
0.00010784
0.00010784
0.00010784
0.00010784
0.00010784
0.00010784
0.00010784
0.00010784
0.00010784
0.00010784
0.00010784
0.00010784
0.00010784
0.00010784
0.00010784
0.00010784
0.00010784
0.00010784
0.00010784
0.00010784
0.00010783
0.00010783
0.00010783
0.00010783
0.00010783
0.00010783
0.00010783
0.00010783
0.00010783
0.00010783
0.00010783
0.00010783
0.00010783
0.00010783
0.00010783
0.00010783
0.00010783
0.00010783
0.00010783
0.00010783
0.00010783
0.00010783
0.00010783
0.00010783
0.00010783
0.00010783
0.00010783
0.00010783
0.00010783
0.00010783
0.00010783
0.00010783
0.00010783
0.00010783
0.00010783
0.00010783
0.00010783
0.00010783
0.00010783
0.00010783
0.00010783
0.00010783
0.00010783
0.00010783
0.00010783
0.00010783
0.00010783
0.00010783
0.00010783
0.00010783
0.00010783
0.00010783
0.00010783
0.00010783
0.00010783
0.00010783
0.00010783
0.00010783
0.00010783
0.00010783
0.00010783
0.00010783
0.00010783
0.00010783
0.00010783
0.00010783
0.00010783
0.00010783
0.00010783
0.00010783
0.00010783
0.00010783
0.00010783
0.00010783
0.00010783
0.00010783
0.00010783
0.00010783
0.00010783
0.00010783
0.00010783
0.00010783
0.00010783
0.00010783
0.00010783
0.00010783
0.00010783
0.00010783
0.00010783
0.00010783
0.00010783
0.00010783
0.00010783
0.00010783
0.00010783
0.00010783
0.00010783
0.00010783
0.00010783
0.00010783
0.00010782
0.00010782
0.00010782
0.00010782
0.00010782
0.00010782
0.00010782
0.00010782
0.00010782
0.00010782
0.00010782
0.00010782
0.00010782
0.00010782
0.00010782
0.00010782
0.00010782
0.00010782
0.00010782
0.00010782
0.00010782
0.00010782
0.00010782
0.00010782
0.00010782
0.00010782
0.00010782
0.00010782
0.00010782
0.00010782
0.00010782
0.00010782
0.00010782
0.00010782
0.00010782
0.00010782
0.00010782
0.00010782
0.00010782
0.00010782
0.00010782
0.00010782
0.00010782
0.00010782
0.00010782
0.00010782
0.00010782
0.00010782
0.00010782
0.00010782
0.00010782
0.00010782
0.00010782
0.00010782
0.00010782
0.00010782
0.00010782
0.00010782
0.00010782
0.00010782
0.00010782
0.00010782
0.00010782
0.00010782
0.00010782
0.00010782
0.00010782
0.00010782
0.00010782
0.00010782
0.00010782
0.00010782
0.00010782
0.00010782
0.00010782
0.00010782
0.00010782
0.00010782
0.00010782
0.00010782
0.00010782
0.00010782
0.00010782
0.00010782
0.00010782
0.00010782
0.00010782
0.00010782
0.00010782
0.00010782
0.00010782
0.00010782
0.00010782
0.00010782
0.00010782
0.00010782
0.00010782
0.00010782
0.00010782
0.00010782
0.00010781
0.00010781
0.00010781
0.00010781
0.00010781
0.00010781
0.00010781
0.00010781
0.00010781
0.00010781
0.00010781
0.00010781
0.00010781
0.00010781
0.00010781
0.00010781
0.00010781
0.00010781
0.00010781
0.00010781
0.00010781
0.00010781
0.00010781
0.00010781
0.00010781
0.00010781
0.00010781
0.00010781
0.00010781
0.00010781
0.00010781
0.00010781
0.00010781
0.00010781
0.00010781
0.00010781
0.00010781
0.00010781
0.00010781
0.00010781
0.00010781
0.00010781
0.00010781
0.00010781
0.00010781
0.00010781
0.00010781
0.00010781
0.00010781
0.00010781
0.00010781
0.00010781
0.00010781
0.00010781
0.00010781
0.00010781
0.00010781
0.00010781
0.00010781
0.00010781
0.00010781
0.00010781
0.00010781
0.00010781
0.00010781
0.00010781
0.00010781
0.00010781
0.00010781
0.00010781
0.00010781
0.00010781
0.00010781
0.00010781
0.00010781
0.00010781
0.00010781
0.00010781
0.00010781
0.00010781
0.00010781
0.00010781
0.00010781
0.00010781
0.00010781
0.00010781
0.00010781
0.00010781
0.00010781
0.00010781
0.00010781
0.00010781
0.00010781
0.00010781
0.00010781
0.00010781
0.00010781
0.00010781
0.00010781
0.00010781
0.00010780
0.00010780
0.00010780
0.00010780
0.00010780
0.00010780
0.00010780
0.00010780
0.00010780
0.00010780
0.00010780
0.00010780
0.00010780
0.00010780
0.00010780
0.00010780
0.00010780
0.00010780
0.00010780
0.00010780
0.00010780
0.00010780
0.00010780
0.00010780
0.00010780
0.00010780
0.00010780
0.00010780
0.00010780
0.00010780
0.00010780
0.00010780
0.00010780
0.00010780
0.00010780
0.00010780
0.00010780
0.00010780
0.00010780
0.00010780
0.00010780
0.00010780
0.00010780
0.00010780
0.00010780
0.00010780
0.00010780
0.00010780
0.00010780
0.00010780
0.00010780
0.00010780
0.00010780
0.00010780
0.00010780
0.00010780
0.00010780
0.00010780
0.00010780
0.00010780
0.00010780
0.00010780
0.00010780
0.00010780
0.00010780
0.00010780
0.00010780
0.00010780
0.00010780
0.00010780
0.00010780
0.00010780
0.00010780
0.00010780
0.00010780
0.00010780
0.00010780
0.00010780
0.00010780
0.00010780
0.00010780
0.00010780
0.00010780
0.00010780
0.00010780
0.00010780
0.00010780
0.00010780
0.00010780
0.00010780
0.00010780
0.00010780
0.00010780
0.00010780
0.00010780
0.00010780
0.00010780
0.00010780
0.00010780
0.00010780
0.00010779
0.00010779
0.00010779
0.00010779
0.00010779
0.00010779
0.00010779
0.00010779
0.00010779
0.00010779
0.00010779
0.00010779
0.00010779
0.00010779
0.00010779
0.00010779
0.00010779
0.00010779
0.00010779
0.00010779
0.00010779
0.00010779
0.00010779
0.00010779
0.00010779
0.00010779
0.00010779
0.00010779
0.00010779
0.00010779
0.00010779
0.00010779
0.00010779
0.00010779
0.00010779
0.00010779
0.00010779
0.00010779
0.00010779
0.00010779
0.00010779
0.00010779
0.00010779
0.00010779
0.00010779
0.00010779
0.00010779
0.00010779
0.00010779
0.00010779
0.00010779
0.00010779
0.00010779
0.00010779
0.00010779
0.00010779
0.00010779
0.00010779
0.00010779
0.00010779
0.00010779
0.00010779
0.00010779
0.00010779
0.00010779
0.00010779
0.00010779
0.00010779
0.00010779
0.00010779
0.00010779
0.00010779
0.00010779
0.00010779
0.00010779
0.00010779
0.00010779
0.00010779
0.00010779
0.00010779
0.00010779
0.00010779
0.00010779
0.00010779
0.00010779
0.00010779
0.00010779
0.00010779
0.00010779
0.00010779
0.00010779
0.00010779
0.00010779
0.00010779
0.00010779
0.00010779
0.00010779
0.00010779
0.00010779
0.00010779
0.00010778
0.00010778
0.00010778
0.00010778
0.00010778
0.00010778
0.00010778
0.00010778
0.00010778
0.00010778
0.00010778
0.00010778
0.00010778
0.00010778
0.00010778
0.00010778
0.00010778
0.00010778
0.00010778
0.00010778
0.00010778
0.00010778
0.00010778
0.00010778
0.00010778
0.00010778
0.00010778
0.00010778
0.00010778
0.00010778
0.00010778
0.00010778
0.00010778
0.00010778
0.00010778
0.00010778
0.00010778
0.00010778
0.00010778
0.00010778
0.00010778
0.00010778
0.00010778
0.00010778
0.00010778
0.00010778
0.00010778
0.00010778
0.00010778
0.00010778
0.00010778
0.00010778
0.00010778
0.00010778
0.00010778
0.00010778
0.00010778
0.00010778
0.00010778
0.00010778
0.00010778
0.00010778
0.00010778
0.00010778
0.00010778
0.00010778
0.00010778
0.00010778
0.00010778
0.00010778
0.00010778
0.00010778
0.00010778
0.00010778
0.00010778
0.00010778
0.00010778
0.00010778
0.00010778
0.00010778
0.00010778
0.00010778
0.00010778
0.00010778
0.00010778
0.00010778
0.00010778
0.00010778
0.00010778
0.00010778
0.00010778
0.00010778
0.00010778
0.00010778
0.00010778
0.00010778
0.00010778
0.00010778
0.00010778
0.00010778
0.00010777
0.00010777
0.00010777
0.00010777
0.00010777
0.00010777
0.00010777
0.00010777
0.00010777
0.00010777
0.00010777
0.00010777
0.00010777
0.00010777
0.00010777
0.00010777
0.00010777
0.00010777
0.00010777
0.00010777
0.00010777
0.00010777
0.00010777
0.00010777
0.00010777
0.00010777
0.00010777
0.00010777
0.00010777
0.00010777
0.00010777
0.00010777
0.00010777
0.00010777
0.00010777
0.00010777
0.00010777
0.00010777
0.00010777
0.00010777
0.00010777
0.00010777
0.00010777
0.00010777
0.00010777
0.00010777
0.00010777
0.00010777
0.00010777
0.00010777
0.00010777
0.00010777
0.00010777
0.00010777
0.00010777
0.00010777
0.00010777
0.00010777
0.00010777
0.00010777
0.00010777
0.00010777
0.00010777
0.00010777
0.00010777
0.00010777
0.00010777
0.00010777
0.00010777
0.00010777
0.00010777
0.00010777
0.00010777
0.00010777
0.00010777
0.00010777
0.00010777
0.00010777
0.00010777
0.00010777
0.00010777
0.00010777
0.00010777
0.00010777
0.00010777
0.00010777
0.00010777
0.00010777
0.00010777
0.00010777
0.00010777
0.00010777
0.00010777
0.00010777
0.00010777
0.00010777
0.00010777
0.00010777
0.00010777
0.00010777
0.00010776
0.00010776
0.00010776
0.00010776
0.00010776
0.00010776
0.00010776
0.00010776
0.00010776
0.00010776
0.00010776
0.00010776
0.00010776
0.00010776
0.00010776
0.00010776
0.00010776
0.00010776
0.00010776
0.00010776
0.00010776
0.00010776
0.00010776
0.00010776
0.00010776
0.00010776
0.00010776
0.00010776
0.00010776
0.00010776
0.00010776
0.00010776
0.00010776
0.00010776
0.00010776
0.00010776
0.00010776
0.00010776
0.00010776
0.00010776
0.00010776
0.00010776
0.00010776
0.00010776
0.00010776
0.00010776
0.00010776
0.00010776
0.00010776
0.00010776
0.00010776
0.00010776
0.00010776
0.00010776
0.00010776
0.00010776
0.00010776
0.00010776
0.00010776
0.00010776
0.00010776
0.00010776
0.00010776
0.00010776
0.00010776
0.00010776
0.00010776
0.00010776
0.00010776
0.00010776
0.00010776
0.00010776
0.00010776
0.00010776
0.00010776
0.00010776
0.00010776
0.00010776
0.00010776
0.00010776
0.00010776
0.00010776
0.00010776
0.00010776
0.00010776
0.00010776
0.00010776
0.00010776
0.00010776
0.00010776
0.00010776
0.00010776
0.00010776
0.00010776
0.00010776
0.00010776
0.00010776
0.00010776
0.00010776
0.00010776
0.00010775
0.00010775
0.00010775
0.00010775
0.00010775
0.00010775
0.00010775
0.00010775
0.00010775
0.00010775
0.00010775
0.00010775
0.00010775
0.00010775
0.00010775
0.00010775
0.00010775
0.00010775
0.00010775
0.00010775
0.00010775
0.00010775
0.00010775
0.00010775
0.00010775
0.00010775
0.00010775
0.00010775
0.00010775
0.00010775
0.00010775
0.00010775
0.00010775
0.00010775
0.00010775
0.00010775
0.00010775
0.00010775
0.00010775
0.00010775
0.00010775
0.00010775
0.00010775
0.00010775
0.00010775
0.00010775
0.00010775
0.00010775
0.00010775
0.00010775
0.00010775
0.00010775
0.00010775
0.00010775
0.00010775
0.00010775
0.00010775
0.00010775
0.00010775
0.00010775
0.00010775
0.00010775
0.00010775
0.00010775
0.00010775
0.00010775
0.00010775
0.00010775
0.00010775
0.00010775
0.00010775
0.00010775
0.00010775
0.00010775
0.00010775
0.00010775
0.00010775
0.00010775
0.00010775
0.00010775
0.00010775
0.00010775
0.00010775
0.00010775
0.00010775
0.00010775
0.00010775
0.00010775
0.00010775
0.00010775
0.00010775
0.00010775
0.00010775
0.00010775
0.00010775
0.00010775
0.00010775
0.00010775
0.00010775
0.00010775
0.00010774
0.00010774
0.00010774
0.00010774
0.00010774
0.00010774
0.00010774
0.00010774
0.00010774
0.00010774
0.00010774
0.00010774
0.00010774
0.00010774
0.00010774
0.00010774
0.00010774
0.00010774
0.00010774
0.00010774
0.00010774
0.00010774
0.00010774
0.00010774
0.00010774
0.00010774
0.00010774
0.00010774
0.00010774
0.00010774
0.00010774
0.00010774
0.00010774
0.00010774
0.00010774
0.00010774
0.00010774
0.00010774
0.00010774
0.00010774
0.00010774
0.00010774
0.00010774
0.00010774
0.00010774
0.00010774
0.00010774
0.00010774
0.00010774
0.00010774
0.00010774
0.00010774
0.00010774
0.00010774
0.00010774
0.00010774
0.00010774
0.00010774
0.00010774
0.00010774
0.00010774
0.00010774
0.00010774
0.00010774
0.00010774
0.00010774
0.00010774
0.00010774
0.00010774
0.00010774
0.00010774
0.00010774
0.00010774
0.00010774
0.00010774
0.00010774
0.00010774
0.00010774
0.00010774
0.00010774
0.00010774
0.00010774
0.00010774
0.00010774
0.00010774
0.00010774
0.00010774
0.00010774
0.00010774
0.00010774
0.00010774
0.00010774
0.00010774
0.00010774
0.00010774
0.00010774
0.00010774
0.00010774
0.00010774
0.00010774
0.00010773
0.00010773
0.00010773
0.00010773
0.00010773
0.00010773
0.00010773
0.00010773
0.00010773
0.00010773
0.00010773
0.00010773
0.00010773
0.00010773
0.00010773
0.00010773
0.00010773
0.00010773
0.00010773
0.00010773
0.00010773
0.00010773
0.00010773
0.00010773
0.00010773
0.00010773
0.00010773
0.00010773
0.00010773
0.00010773
0.00010773
0.00010773
0.00010773
0.00010773
0.00010773
0.00010773
0.00010773
0.00010773
0.00010773
0.00010773
0.00010773
0.00010773
0.00010773
0.00010773
0.00010773
0.00010773
0.00010773
0.00010773
0.00010773
0.00010773
0.00010773
0.00010773
0.00010773
0.00010773
0.00010773
0.00010773
0.00010773
0.00010773
0.00010773
0.00010773
0.00010773
0.00010773
0.00010773
0.00010773
0.00010773
0.00010773
0.00010773
0.00010773
0.00010773
0.00010773
0.00010773
0.00010773
0.00010773
0.00010773
0.00010773
0.00010773
0.00010773
0.00010773
0.00010773
0.00010773
0.00010773
0.00010773
0.00010773
0.00010773
0.00010773
0.00010773
0.00010773
0.00010773
0.00010773
0.00010773
0.00010773
0.00010773
0.00010773
0.00010773
0.00010773
0.00010773
0.00010773
0.00010773
0.00010773
0.00010773
0.00010772
0.00010772
0.00010772
0.00010772
0.00010772
0.00010772
0.00010772
0.00010772
0.00010772
0.00010772
0.00010772
0.00010772
0.00010772
0.00010772
0.00010772
0.00010772
0.00010772
0.00010772
0.00010772
0.00010772
0.00010772
0.00010772
0.00010772
0.00010772
0.00010772
0.00010772
0.00010772
0.00010772
0.00010772
0.00010772
0.00010772
0.00010772
0.00010772
0.00010772
0.00010772
0.00010772
0.00010772
0.00010772
0.00010772
0.00010772
0.00010772
0.00010772
0.00010772
0.00010772
0.00010772
0.00010772
0.00010772
0.00010772
0.00010772
0.00010772
0.00010772
0.00010772
0.00010772
0.00010772
0.00010772
0.00010772
0.00010772
0.00010772
0.00010772
0.00010772
0.00010772
0.00010772
0.00010772
0.00010772
0.00010772
0.00010772
0.00010772
0.00010772
0.00010772
0.00010772
0.00010772
0.00010772
0.00010772
0.00010772
0.00010772
0.00010772
0.00010772
0.00010772
0.00010772
0.00010772
0.00010772
0.00010772
0.00010772
0.00010772
0.00010772
0.00010772
0.00010772
0.00010772
0.00010772
0.00010772
0.00010772
0.00010772
0.00010772
0.00010772
0.00010772
0.00010772
0.00010772
0.00010772
0.00010772
0.00010772
0.00010771
0.00010771
0.00010771
0.00010771
0.00010771
0.00010771
0.00010771
0.00010771
0.00010771
0.00010771
0.00010771
0.00010771
0.00010771
0.00010771
0.00010771
0.00010771
0.00010771
0.00010771
0.00010771
0.00010771
0.00010771
0.00010771
0.00010771
0.00010771
0.00010771
0.00010771
0.00010771
0.00010771
0.00010771
0.00010771
0.00010771
0.00010771
0.00010771
0.00010771
0.00010771
0.00010771
0.00010771
0.00010771
0.00010771
0.00010771
0.00010771
0.00010771
0.00010771
0.00010771
0.00010771
0.00010771
0.00010771
0.00010771
0.00010771
0.00010771
0.00010771
0.00010771
0.00010771
0.00010771
0.00010771
0.00010771
0.00010771
0.00010771
0.00010771
0.00010771
0.00010771
0.00010771
0.00010771
0.00010771
0.00010771
0.00010771
0.00010771
0.00010771
0.00010771
0.00010771
0.00010771
0.00010771
0.00010771
0.00010771
0.00010771
0.00010771
0.00010771
0.00010771
0.00010771
0.00010771
0.00010771
0.00010771
0.00010771
0.00010771
0.00010771
0.00010771
0.00010771
0.00010771
0.00010771
0.00010771
0.00010771
0.00010771
0.00010771
0.00010771
0.00010771
0.00010771
0.00010771
0.00010771
0.00010771
0.00010771
0.00010770
0.00010770
0.00010770
0.00010770
0.00010770
0.00010770
0.00010770
0.00010770
0.00010770
0.00010770
0.00010770
0.00010770
0.00010770
0.00010770
0.00010770
0.00010770
0.00010770
0.00010770
0.00010770
0.00010770
0.00010770
0.00010770
0.00010770
0.00010770
0.00010770
0.00010770
0.00010770
0.00010770
0.00010770
0.00010770
0.00010770
0.00010770
0.00010770
0.00010770
0.00010770
0.00010770
0.00010770
0.00010770
0.00010770
0.00010770
0.00010770
0.00010770
0.00010770
0.00010770
0.00010770
0.00010770
0.00010770
0.00010770
0.00010770
0.00010770
0.00010770
0.00010770
0.00010770
0.00010770
0.00010770
0.00010770
0.00010770
0.00010770
0.00010770
0.00010770
0.00010770
0.00010770
0.00010770
0.00010770
0.00010770
0.00010770
0.00010770
0.00010770
0.00010770
0.00010770
0.00010770
0.00010770
0.00010770
0.00010770
0.00010770
0.00010770
0.00010770
0.00010770
0.00010770
0.00010770
0.00010770
0.00010770
0.00010770
0.00010770
0.00010770
0.00010770
0.00010770
0.00010770
0.00010770
0.00010770
0.00010770
0.00010770
0.00010770
0.00010770
0.00010770
0.00010770
0.00010770
0.00010770
0.00010770
0.00010770
0.00010769
0.00010769
0.00010769
0.00010769
0.00010769
0.00010769
0.00010769
0.00010769
0.00010769
0.00010769
0.00010769
0.00010769
0.00010769
0.00010769
0.00010769
0.00010769
0.00010769
0.00010769
0.00010769
0.00010769
0.00010769
0.00010769
0.00010769
0.00010769
0.00010769
0.00010769
0.00010769
0.00010769
0.00010769
0.00010769
0.00010769
0.00010769
0.00010769
0.00010769
0.00010769
0.00010769
0.00010769
0.00010769
0.00010769
0.00010769
0.00010769
0.00010769
0.00010769
0.00010769
0.00010769
0.00010769
0.00010769
0.00010769
0.00010769
0.00010769
0.00010769
0.00010769
0.00010769
0.00010769
0.00010769
0.00010769
0.00010769
0.00010769
0.00010769
0.00010769
0.00010769
0.00010769
0.00010769
0.00010769
0.00010769
0.00010769
0.00010769
0.00010769
0.00010769
0.00010769
0.00010769
0.00010769
0.00010769
0.00010769
0.00010769
0.00010769
0.00010769
0.00010769
0.00010769
0.00010769
0.00010769
0.00010769
0.00010769
0.00010769
0.00010769
0.00010769
0.00010769
0.00010769
0.00010769
0.00010769
0.00010769
0.00010769
0.00010769
0.00010769
0.00010769
0.00010769
0.00010769
0.00010769
0.00010769
0.00010769
0.00010768
0.00010768
0.00010768
0.00010768
0.00010768
0.00010768
0.00010768
0.00010768
0.00010768
0.00010768
0.00010768
0.00010768
0.00010768
0.00010768
0.00010768
0.00010768
0.00010768
0.00010768
0.00010768
0.00010768
0.00010768
0.00010768
0.00010768
0.00010768
0.00010768
0.00010768
0.00010768
0.00010768
0.00010768
0.00010768
0.00010768
0.00010768
0.00010768
0.00010768
0.00010768
0.00010768
0.00010768
0.00010768
0.00010768
0.00010768
0.00010768
0.00010768
0.00010768
0.00010768
0.00010768
0.00010768
0.00010768
0.00010768
0.00010768
0.00010768
0.00010768
0.00010768
0.00010768
0.00010768
0.00010768
0.00010768
0.00010768
0.00010768
0.00010768
0.00010768
0.00010768
0.00010768
0.00010768
0.00010768
0.00010768
0.00010768
0.00010768
0.00010768
0.00010768
0.00010768
0.00010768
0.00010768
0.00010768
0.00010768
0.00010768
0.00010768
0.00010768
0.00010768
0.00010768
0.00010768
0.00010768
0.00010768
0.00010768
0.00010768
0.00010768
0.00010768
0.00010768
0.00010768
0.00010768
0.00010768
0.00010768
0.00010768
0.00010768
0.00010768
0.00010768
0.00010768
0.00010768
0.00010768
0.00010768
0.00010768
0.00010767
0.00010767
0.00010767
0.00010767
0.00010767
0.00010767
0.00010767
0.00010767
0.00010767
0.00010767
0.00010767
0.00010767
0.00010767
0.00010767
0.00010767
0.00010767
0.00010767
0.00010767
0.00010767
0.00010767
0.00010767
0.00010767
0.00010767
0.00010767
0.00010767
0.00010767
0.00010767
0.00010767
0.00010767
0.00010767
0.00010767
0.00010767
0.00010767
0.00010767
0.00010767
0.00010767
0.00010767
0.00010767
0.00010767
0.00010767
0.00010767
0.00010767
0.00010767
0.00010767
0.00010767
0.00010767
0.00010767
0.00010767
0.00010767
0.00010767
0.00010767
0.00010767
0.00010767
0.00010767
0.00010767
0.00010767
0.00010767
0.00010767
0.00010767
0.00010767
0.00010767
0.00010767
0.00010767
0.00010767
0.00010767
0.00010767
0.00010767
0.00010767
0.00010767
0.00010767
0.00010767
0.00010767
0.00010767
0.00010767
0.00010767
0.00010767
0.00010767
0.00010767
0.00010767
0.00010767
0.00010767
0.00010767
0.00010767
0.00010767
0.00010767
0.00010767
0.00010767
0.00010767
0.00010767
0.00010767
0.00010767
0.00010767
0.00010767
0.00010767
0.00010767
0.00010767
0.00010767
0.00010767
0.00010767
0.00010767
0.00010766
0.00010766
0.00010766
0.00010766
0.00010766
0.00010766
0.00010766
0.00010766
0.00010766
0.00010766
0.00010766
0.00010766
0.00010766
0.00010766
0.00010766
0.00010766
0.00010766
0.00010766
0.00010766
0.00010766
0.00010766
0.00010766
0.00010766
0.00010766
0.00010766
0.00010766
0.00010766
0.00010766
0.00010766
0.00010766
0.00010766
0.00010766
0.00010766
0.00010766
0.00010766
0.00010766
0.00010766
0.00010766
0.00010766
0.00010766
0.00010766
0.00010766
0.00010766
0.00010766
0.00010766
0.00010766
0.00010766
0.00010766
0.00010766
0.00010766
0.00010766
0.00010766
0.00010766
0.00010766
0.00010766
0.00010766
0.00010766
0.00010766
0.00010766
0.00010766
0.00010766
0.00010766
0.00010766
0.00010766
0.00010766
0.00010766
0.00010766
0.00010766
0.00010766
0.00010766
0.00010766
0.00010766
0.00010766
0.00010766
0.00010766
0.00010766
0.00010766
0.00010766
0.00010766
0.00010766
0.00010766
0.00010766
0.00010766
0.00010766
0.00010766
0.00010766
0.00010766
0.00010766
0.00010766
0.00010766
0.00010766
0.00010766
0.00010766
0.00010766
0.00010766
0.00010766
0.00010766
0.00010766
0.00010766
0.00010766
0.00010765
0.00010765
0.00010765
0.00010765
0.00010765
0.00010765
0.00010765
0.00010765
0.00010765
0.00010765
0.00010765
0.00010765
0.00010765
0.00010765
0.00010765
0.00010765
0.00010765
0.00010765
0.00010765
0.00010765
0.00010765
0.00010765
0.00010765
0.00010765
0.00010765
0.00010765
0.00010765
0.00010765
0.00010765
0.00010765
0.00010765
0.00010765
0.00010765
0.00010765
0.00010765
0.00010765
0.00010765
0.00010765
0.00010765
0.00010765
0.00010765
0.00010765
0.00010765
0.00010765
0.00010765
0.00010765
0.00010765
0.00010765
0.00010765
0.00010765
0.00010765
0.00010765
0.00010765
0.00010765
0.00010765
0.00010765
0.00010765
0.00010765
0.00010765
0.00010765
0.00010765
0.00010765
0.00010765
0.00010765
0.00010765
0.00010765
0.00010765
0.00010765
0.00010765
0.00010765
0.00010765
0.00010765
0.00010765
0.00010765
0.00010765
0.00010765
0.00010765
0.00010765
0.00010765
0.00010765
0.00010765
0.00010765
0.00010765
0.00010765
0.00010765
0.00010765
0.00010765
0.00010765
0.00010765
0.00010765
0.00010765
0.00010765
0.00010765
0.00010765
0.00010765
0.00010765
0.00010765
0.00010765
0.00010765
0.00010765
0.00010764
0.00010764
0.00010764
0.00010764
0.00010764
0.00010764
0.00010764
0.00010764
0.00010764
0.00010764
0.00010764
0.00010764
0.00010764
0.00010764
0.00010764
0.00010764
0.00010764
0.00010764
0.00010764
0.00010764
0.00010764
0.00010764
0.00010764
0.00010764
0.00010764
0.00010764
0.00010764
0.00010764
0.00010764
0.00010764
0.00010764
0.00010764
0.00010764
0.00010764
0.00010764
0.00010764
0.00010764
0.00010764
0.00010764
0.00010764
0.00010764
0.00010764
0.00010764
0.00010764
0.00010764
0.00010764
0.00010764
0.00010764
0.00010764
0.00010764
0.00010764
0.00010764
0.00010764
0.00010764
0.00010764
0.00010764
0.00010764
0.00010764
0.00010764
0.00010764
0.00010764
0.00010764
0.00010764
0.00010764
0.00010764
0.00010764
0.00010764
0.00010764
0.00010764
0.00010764
0.00010764
0.00010764
0.00010764
0.00010764
0.00010764
0.00010764
0.00010764
0.00010764
0.00010764
0.00010764
0.00010764
0.00010764
0.00010764
0.00010764
0.00010764
0.00010764
0.00010764
0.00010764
0.00010764
0.00010764
0.00010764
0.00010764
0.00010764
0.00010764
0.00010764
0.00010764
0.00010764
0.00010764
0.00010764
0.00010764
0.00010763
0.00010763
0.00010763
0.00010763
0.00010763
0.00010763
0.00010763
0.00010763
0.00010763
0.00010763
0.00010763
0.00010763
0.00010763
0.00010763
0.00010763
0.00010763
0.00010763
0.00010763
0.00010763
0.00010763
0.00010763
0.00010763
0.00010763
0.00010763
0.00010763
0.00010763
0.00010763
0.00010763
0.00010763
0.00010763
0.00010763
0.00010763
0.00010763
0.00010763
0.00010763
0.00010763
0.00010763
0.00010763
0.00010763
0.00010763
0.00010763
0.00010763
0.00010763
0.00010763
0.00010763
0.00010763
0.00010763
0.00010763
0.00010763
0.00010763
0.00010763
0.00010763
0.00010763
0.00010763
0.00010763
0.00010763
0.00010763
0.00010763
0.00010763
0.00010763
0.00010763
0.00010763
0.00010763
0.00010763
0.00010763
0.00010763
0.00010763
0.00010763
0.00010763
0.00010763
0.00010763
0.00010763
0.00010763
0.00010763
0.00010763
0.00010763
0.00010763
0.00010763
0.00010763
0.00010763
0.00010763
0.00010763
0.00010763
0.00010763
0.00010763
0.00010763
0.00010763
0.00010763
0.00010763
0.00010763
0.00010763
0.00010763
0.00010763
0.00010763
0.00010763
0.00010763
0.00010763
0.00010763
0.00010763
0.00010763
0.00010762
0.00010762
0.00010762
0.00010762
0.00010762
0.00010762
0.00010762
0.00010762
0.00010762
0.00010762
0.00010762
0.00010762
0.00010762
0.00010762
0.00010762
0.00010762
0.00010762
0.00010762
0.00010762
0.00010762
0.00010762
0.00010762
0.00010762
0.00010762
0.00010762
0.00010762
0.00010762
0.00010762
0.00010762
0.00010762
0.00010762
0.00010762
0.00010762
0.00010762
0.00010762
0.00010762
0.00010762
0.00010762
0.00010762
0.00010762
0.00010762
0.00010762
0.00010762
0.00010762
0.00010762
0.00010762
0.00010762
0.00010762
0.00010762
0.00010762
0.00010762
0.00010762
0.00010762
0.00010762
0.00010762
0.00010762
0.00010762
0.00010762
0.00010762
0.00010762
0.00010762
0.00010762
0.00010762
0.00010762
0.00010762
0.00010762
0.00010762
0.00010762
0.00010762
0.00010762
0.00010762
0.00010762
0.00010762
0.00010762
0.00010762
0.00010762
0.00010762
0.00010762
0.00010762
0.00010762
0.00010762
0.00010762
0.00010762
0.00010762
0.00010762
0.00010762
0.00010762
0.00010762
0.00010762
0.00010762
0.00010762
0.00010762
0.00010762
0.00010762
0.00010762
0.00010762
0.00010762
0.00010762
0.00010762
0.00010762
0.00010761
0.00010761
0.00010761
0.00010761
0.00010761
0.00010761
0.00010761
0.00010761
0.00010761
0.00010761
0.00010761
0.00010761
0.00010761
0.00010761
0.00010761
0.00010761
0.00010761
0.00010761
0.00010761
0.00010761
0.00010761
0.00010761
0.00010761
0.00010761
0.00010761
0.00010761
0.00010761
0.00010761
0.00010761
0.00010761
0.00010761
0.00010761
0.00010761
0.00010761
0.00010761
0.00010761
0.00010761
0.00010761
0.00010761
0.00010761
0.00010761
0.00010761
0.00010761
0.00010761
0.00010761
0.00010761
0.00010761
0.00010761
0.00010761
0.00010761
0.00010761
0.00010761
0.00010761
0.00010761
0.00010761
0.00010761
0.00010761
0.00010761
0.00010761
0.00010761
0.00010761
0.00010761
0.00010761
0.00010761
0.00010761
0.00010761
0.00010761
0.00010761
0.00010761
0.00010761
0.00010761
0.00010761
0.00010761
0.00010761
0.00010761
0.00010761
0.00010761
0.00010761
0.00010761
0.00010761
0.00010761
0.00010761
0.00010761
0.00010761
0.00010761
0.00010761
0.00010761
0.00010761
0.00010761
0.00010761
0.00010761
0.00010761
0.00010761
0.00010761
0.00010761
0.00010761
0.00010761
0.00010761
0.00010761
0.00010761
0.00010760
0.00010760
0.00010760
0.00010760
0.00010760
0.00010760
0.00010760
0.00010760
0.00010760
0.00010760
0.00010760
0.00010760
0.00010760
0.00010760
0.00010760
0.00010760
0.00010760
0.00010760
0.00010760
0.00010760
0.00010760
0.00010760
0.00010760
0.00010760
0.00010760
0.00010760
0.00010760
0.00010760
0.00010760
0.00010760
0.00010760
0.00010760
0.00010760
0.00010760
0.00010760
0.00010760
0.00010760
0.00010760
0.00010760
0.00010760
0.00010760
0.00010760
0.00010760
0.00010760
0.00010760
0.00010760
0.00010760
0.00010760
0.00010760
0.00010760
0.00010760
0.00010760
0.00010760
0.00010760
0.00010760
0.00010760
0.00010760
0.00010760
0.00010760
0.00010760
0.00010760
0.00010760
0.00010760
0.00010760
0.00010760
0.00010760
0.00010760
0.00010760
0.00010760
0.00010760
0.00010760
0.00010760
0.00010760
0.00010760
0.00010760
0.00010760
0.00010760
0.00010760
0.00010760
0.00010760
0.00010760
0.00010760
0.00010760
0.00010760
0.00010760
0.00010760
0.00010760
0.00010760
0.00010760
0.00010760
0.00010760
0.00010760
0.00010760
0.00010760
0.00010760
0.00010760
0.00010760
0.00010760
0.00010760
0.00010760
0.00010759
0.00010759
0.00010759
0.00010759
0.00010759
0.00010759
0.00010759
0.00010759
0.00010759
0.00010759
0.00010759
0.00010759
0.00010759
0.00010759
0.00010759
0.00010759
0.00010759
0.00010759
0.00010759
0.00010759
0.00010759
0.00010759
0.00010759
0.00010759
0.00010759
0.00010759
0.00010759
0.00010759
0.00010759
0.00010759
0.00010759
0.00010759
0.00010759
0.00010759
0.00010759
0.00010759
0.00010759
0.00010759
0.00010759
0.00010759
0.00010759
0.00010759
0.00010759
0.00010759
0.00010759
0.00010759
0.00010759
0.00010759
0.00010759
0.00010759
0.00010759
0.00010759
0.00010759
0.00010759
0.00010759
0.00010759
0.00010759
0.00010759
0.00010759
0.00010759
0.00010759
0.00010759
0.00010759
0.00010759
0.00010759
0.00010759
0.00010759
0.00010759
0.00010759
0.00010759
0.00010759
0.00010759
0.00010759
0.00010759
0.00010759
0.00010759
0.00010759
0.00010759
0.00010759
0.00010759
0.00010759
0.00010759
0.00010759
0.00010759
0.00010759
0.00010759
0.00010759
0.00010759
0.00010759
0.00010759
0.00010759
0.00010759
0.00010759
0.00010759
0.00010759
0.00010759
0.00010759
0.00010759
0.00010759
0.00010759
0.00010758
0.00010758
0.00010758
0.00010758
0.00010758
0.00010758
0.00010758
0.00010758
0.00010758
0.00010758
0.00010758
0.00010758
0.00010758
0.00010758
0.00010758
0.00010758
0.00010758
0.00010758
0.00010758
0.00010758
0.00010758
0.00010758
0.00010758
0.00010758
0.00010758
0.00010758
0.00010758
0.00010758
0.00010758
0.00010758
0.00010758
0.00010758
0.00010758
0.00010758
0.00010758
0.00010758
0.00010758
0.00010758
0.00010758
0.00010758
0.00010758
0.00010758
0.00010758
0.00010758
0.00010758
0.00010758
0.00010758
0.00010758
0.00010758
0.00010758
0.00010758
0.00010758
0.00010758
0.00010758
0.00010758
0.00010758
0.00010758
0.00010758
0.00010758
0.00010758
0.00010758
0.00010758
0.00010758
0.00010758
0.00010758
0.00010758
0.00010758
0.00010758
0.00010758
0.00010758
0.00010758
0.00010758
0.00010758
0.00010758
0.00010758
0.00010758
0.00010758
0.00010758
0.00010758
0.00010758
0.00010758
0.00010758
0.00010758
0.00010758
0.00010758
0.00010758
0.00010758
0.00010758
0.00010758
0.00010758
0.00010758
0.00010758
0.00010758
0.00010758
0.00010758
0.00010758
0.00010758
0.00010758
0.00010758
0.00010758
0.00010757
0.00010757
0.00010757
0.00010757
0.00010757
0.00010757
0.00010757
0.00010757
0.00010757
0.00010757
0.00010757
0.00010757
0.00010757
0.00010757
0.00010757
0.00010757
0.00010757
0.00010757
0.00010757
0.00010757
0.00010757
0.00010757
0.00010757
0.00010757
0.00010757
0.00010757
0.00010757
0.00010757
0.00010757
0.00010757
0.00010757
0.00010757
0.00010757
0.00010757
0.00010757
0.00010757
0.00010757
0.00010757
0.00010757
0.00010757
0.00010757
0.00010757
0.00010757
0.00010757
0.00010757
0.00010757
0.00010757
0.00010757
0.00010757
0.00010757
0.00010757
0.00010757
0.00010757
0.00010757
0.00010757
0.00010757
0.00010757
0.00010757
0.00010757
0.00010757
0.00010757
0.00010757
0.00010757
0.00010757
0.00010757
0.00010757
0.00010757
0.00010757
0.00010757
0.00010757
0.00010757
0.00010757
0.00010757
0.00010757
0.00010757
0.00010757
0.00010757
0.00010757
0.00010757
0.00010757
0.00010757
0.00010757
0.00010757
0.00010757
0.00010757
0.00010757
0.00010757
0.00010757
0.00010757
0.00010757
0.00010757
0.00010757
0.00010757
0.00010757
0.00010757
0.00010757
0.00010757
0.00010757
0.00010757
0.00010757
0.00010756
0.00010756
0.00010756
0.00010756
0.00010756
0.00010756
0.00010756
0.00010756
0.00010756
0.00010756
0.00010756
0.00010756
0.00010756
0.00010756
0.00010756
0.00010756
0.00010756
0.00010756
0.00010756
0.00010756
0.00010756
0.00010756
0.00010756
0.00010756
0.00010756
0.00010756
0.00010756
0.00010756
0.00010756
0.00010756
0.00010756
0.00010756
0.00010756
0.00010756
0.00010756
0.00010756
0.00010756
0.00010756
0.00010756
0.00010756
0.00010756
0.00010756
0.00010756
0.00010756
0.00010756
0.00010756
0.00010756
0.00010756
0.00010756
0.00010756
0.00010756
0.00010756
0.00010756
0.00010756
0.00010756
0.00010756
0.00010756
0.00010756
0.00010756
0.00010756
0.00010756
0.00010756
0.00010756
0.00010756
0.00010756
0.00010756
0.00010756
0.00010756
0.00010756
0.00010756
0.00010756
0.00010756
0.00010756
0.00010756
0.00010756
0.00010756
0.00010756
0.00010756
0.00010756
0.00010756
0.00010756
0.00010756
0.00010756
0.00010756
0.00010756
0.00010756
0.00010756
0.00010756
0.00010756
0.00010756
0.00010756
0.00010756
0.00010756
0.00010756
0.00010756
0.00010756
0.00010756
0.00010756
0.00010756
0.00010756
0.00010755
0.00010755
0.00010755
0.00010755
0.00010755
0.00010755
0.00010755
0.00010755
0.00010755
0.00010755
0.00010755
0.00010755
0.00010755
0.00010755
0.00010755
0.00010755
0.00010755
0.00010755
0.00010755
0.00010755
0.00010755
0.00010755
0.00010755
0.00010755
0.00010755
0.00010755
0.00010755
0.00010755
0.00010755
0.00010755
0.00010755
0.00010755
0.00010755
0.00010755
0.00010755
0.00010755
0.00010755
0.00010755
0.00010755
0.00010755
0.00010755
0.00010755
0.00010755
0.00010755
0.00010755
0.00010755
0.00010755
0.00010755
0.00010755
0.00010755
0.00010755
0.00010755
0.00010755
0.00010755
0.00010755
0.00010755
0.00010755
0.00010755
0.00010755
0.00010755
0.00010755
0.00010755
0.00010755
0.00010755
0.00010755
0.00010755
0.00010755
0.00010755
0.00010755
0.00010755
0.00010755
0.00010755
0.00010755
0.00010755
0.00010755
0.00010755
0.00010755
0.00010755
0.00010755
0.00010755
0.00010755
0.00010755
0.00010755
0.00010755
0.00010755
0.00010755
0.00010755
0.00010755
0.00010755
0.00010755
0.00010755
0.00010755
0.00010755
0.00010755
0.00010755
0.00010755
0.00010755
0.00010755
0.00010755
0.00010755
0.00010754
0.00010754
0.00010754
0.00010754
0.00010754
0.00010754
0.00010754
0.00010754
0.00010754
0.00010754
0.00010754
0.00010754
0.00010754
0.00010754
0.00010754
0.00010754
0.00010754
0.00010754
0.00010754
0.00010754
0.00010754
0.00010754
0.00010754
0.00010754
0.00010754
0.00010754
0.00010754
0.00010754
0.00010754
0.00010754
0.00010754
0.00010754
0.00010754
0.00010754
0.00010754
0.00010754
0.00010754
0.00010754
0.00010754
0.00010754
0.00010754
0.00010754
0.00010754
0.00010754
0.00010754
0.00010754
0.00010754
0.00010754
0.00010754
0.00010754
0.00010754
0.00010754
0.00010754
0.00010754
0.00010754
0.00010754
0.00010754
0.00010754
0.00010754
0.00010754
0.00010754
0.00010754
0.00010754
0.00010754
0.00010754
0.00010754
0.00010754
0.00010754
0.00010754
0.00010754
0.00010754
0.00010754
0.00010754
0.00010754
0.00010754
0.00010754
0.00010754
0.00010754
0.00010754
0.00010754
0.00010754
0.00010754
0.00010754
0.00010754
0.00010754
0.00010754
0.00010754
0.00010754
0.00010754
0.00010754
0.00010754
0.00010754
0.00010754
0.00010754
0.00010754
0.00010754
0.00010754
0.00010754
0.00010754
0.00010754
0.00010753
0.00010753
0.00010753
0.00010753
0.00010753
0.00010753
0.00010753
0.00010753
0.00010753
0.00010753
0.00010753
0.00010753
0.00010753
0.00010753
0.00010753
0.00010753
0.00010753
0.00010753
0.00010753
0.00010753
0.00010753
0.00010753
0.00010753
0.00010753
0.00010753
0.00010753
0.00010753
0.00010753
0.00010753
0.00010753
0.00010753
0.00010753
0.00010753
0.00010753
0.00010753
0.00010753
0.00010753
0.00010753
0.00010753
0.00010753
0.00010753
0.00010753
0.00010753
0.00010753
0.00010753
0.00010753
0.00010753
0.00010753
0.00010753
0.00010753
0.00010753
0.00010753
0.00010753
0.00010753
0.00010753
0.00010753
0.00010753
0.00010753
0.00010753
0.00010753
0.00010753
0.00010753
0.00010753
0.00010753
0.00010753
0.00010753
0.00010753
0.00010753
0.00010753
0.00010753
0.00010753
0.00010753
0.00010753
0.00010753
0.00010753
0.00010753
0.00010753
0.00010753
0.00010753
0.00010753
0.00010753
0.00010753
0.00010753
0.00010753
0.00010753
0.00010753
0.00010753
0.00010753
0.00010753
0.00010753
0.00010753
0.00010753
0.00010753
0.00010753
0.00010753
0.00010753
0.00010753
0.00010753
0.00010753
0.00010753
0.00010752
0.00010752
0.00010752
0.00010752
0.00010752
0.00010752
0.00010752
0.00010752
0.00010752
0.00010752
0.00010752
0.00010752
0.00010752
0.00010752
0.00010752
0.00010752
0.00010752
0.00010752
0.00010752
0.00010752
0.00010752
0.00010752
0.00010752
0.00010752
0.00010752
0.00010752
0.00010752
0.00010752
0.00010752
0.00010752
0.00010752
0.00010752
0.00010752
0.00010752
0.00010752
0.00010752
0.00010752
0.00010752
0.00010752
0.00010752
0.00010752
0.00010752
0.00010752
0.00010752
0.00010752
0.00010752
0.00010752
0.00010752
0.00010752
0.00010752
0.00010752
0.00010752
0.00010752
0.00010752
0.00010752
0.00010752
0.00010752
0.00010752
0.00010752
0.00010752
0.00010752
0.00010752
0.00010752
0.00010752
0.00010752
0.00010752
0.00010752
0.00010752
0.00010752
0.00010752
0.00010752
0.00010752
0.00010752
0.00010752
0.00010752
0.00010752
0.00010752
0.00010752
0.00010752
0.00010752
0.00010752
0.00010752
0.00010752
0.00010752
0.00010752
0.00010752
0.00010752
0.00010752
0.00010752
0.00010752
0.00010752
0.00010752
0.00010752
0.00010752
0.00010752
0.00010752
0.00010752
0.00010752
0.00010752
0.00010752
0.00010751
0.00010751
0.00010751
0.00010751
0.00010751
0.00010751
0.00010751
0.00010751
0.00010751
0.00010751
0.00010751
0.00010751
0.00010751
0.00010751
0.00010751
0.00010751
0.00010751
0.00010751
0.00010751
0.00010751
0.00010751
0.00010751
0.00010751
0.00010751
0.00010751
0.00010751
0.00010751
0.00010751
0.00010751
0.00010751
0.00010751
0.00010751
0.00010751
0.00010751
0.00010751
0.00010751
0.00010751
0.00010751
0.00010751
0.00010751
0.00010751
0.00010751
0.00010751
0.00010751
0.00010751
0.00010751
0.00010751
0.00010751
0.00010751
0.00010751
0.00010751
0.00010751
0.00010751
0.00010751
0.00010751
0.00010751
0.00010751
0.00010751
0.00010751
0.00010751
0.00010751
0.00010751
0.00010751
0.00010751
0.00010751
0.00010751
0.00010751
0.00010751
0.00010751
0.00010751
0.00010751
0.00010751
0.00010751
0.00010751
0.00010751
0.00010751
0.00010751
0.00010751
0.00010751
0.00010751
0.00010751
0.00010751
0.00010751
0.00010751
0.00010751
0.00010751
0.00010751
0.00010751
0.00010751
0.00010751
0.00010751
0.00010751
0.00010751
0.00010751
0.00010751
0.00010751
0.00010751
0.00010751
0.00010751
0.00010751
0.00010750
0.00010750
0.00010750
0.00010750
0.00010750
0.00010750
0.00010750
0.00010750
0.00010750
0.00010750
0.00010750
0.00010750
0.00010750
0.00010750
0.00010750
0.00010750
0.00010750
0.00010750
0.00010750
0.00010750
0.00010750
0.00010750
0.00010750
0.00010750
0.00010750
0.00010750
0.00010750
0.00010750
0.00010750
0.00010750
0.00010750
0.00010750
0.00010750
0.00010750
0.00010750
0.00010750
0.00010750
0.00010750
0.00010750
0.00010750
0.00010750
0.00010750
0.00010750
0.00010750
0.00010750
0.00010750
0.00010750
0.00010750
0.00010750
0.00010750
0.00010750
0.00010750
0.00010750
0.00010750
0.00010750
0.00010750
0.00010750
0.00010750
0.00010750
0.00010750
0.00010750
0.00010750
0.00010750
0.00010750
0.00010750
0.00010750
0.00010750
0.00010750
0.00010750
0.00010750
0.00010750
0.00010750
0.00010750
0.00010750
0.00010750
0.00010750
0.00010750
0.00010750
0.00010750
0.00010750
0.00010750
0.00010750
0.00010750
0.00010750
0.00010750
0.00010750
0.00010750
0.00010750
0.00010750
0.00010750
0.00010750
0.00010750
0.00010750
0.00010750
0.00010750
0.00010750
0.00010750
0.00010750
0.00010750
0.00010750
0.00010749
0.00010749
0.00010749
0.00010749
0.00010749
0.00010749
0.00010749
0.00010749
0.00010749
0.00010749
0.00010749
0.00010749
0.00010749
0.00010749
0.00010749
0.00010749
0.00010749
0.00010749
0.00010749
0.00010749
0.00010749
0.00010749
0.00010749
0.00010749
0.00010749
0.00010749
0.00010749
0.00010749
0.00010749
0.00010749
0.00010749
0.00010749
0.00010749
0.00010749
0.00010749
0.00010749
0.00010749
0.00010749
0.00010749
0.00010749
0.00010749
0.00010749
0.00010749
0.00010749
0.00010749
0.00010749
0.00010749
0.00010749
0.00010749
0.00010749
0.00010749
0.00010749
0.00010749
0.00010749
0.00010749
0.00010749
0.00010749
0.00010749
0.00010749
0.00010749
0.00010749
0.00010749
0.00010749
0.00010749
0.00010749
0.00010749
0.00010749
0.00010749
0.00010749
0.00010749
0.00010749
0.00010749
0.00010749
0.00010749
0.00010749
0.00010749
0.00010749
0.00010749
0.00010749
0.00010749
0.00010749
0.00010749
0.00010749
0.00010749
0.00010749
0.00010749
0.00010749
0.00010749
0.00010749
0.00010749
0.00010749
0.00010749
0.00010749
0.00010749
0.00010749
0.00010749
0.00010749
0.00010749
0.00010749
0.00010749
0.00010748
0.00010748
0.00010748
0.00010748
0.00010748
0.00010748
0.00010748
0.00010748
0.00010748
0.00010748
0.00010748
0.00010748
0.00010748
0.00010748
0.00010748
0.00010748
0.00010748
0.00010748
0.00010748
0.00010748
0.00010748
0.00010748
0.00010748
0.00010748
0.00010748
0.00010748
0.00010748
0.00010748
0.00010748
0.00010748
0.00010748
0.00010748
0.00010748
0.00010748
0.00010748
0.00010748
0.00010748
0.00010748
0.00010748
0.00010748
0.00010748
0.00010748
0.00010748
0.00010748
0.00010748
0.00010748
0.00010748
0.00010748
0.00010748
0.00010748
0.00010748
0.00010748
0.00010748
0.00010748
0.00010748
0.00010748
0.00010748
0.00010748
0.00010748
0.00010748
0.00010748
0.00010748
0.00010748
0.00010748
0.00010748
0.00010748
0.00010748
0.00010748
0.00010748
0.00010748
0.00010748
0.00010748
0.00010748
0.00010748
0.00010748
0.00010748
0.00010748
0.00010748
0.00010748
0.00010748
0.00010748
0.00010748
0.00010748
0.00010748
0.00010748
0.00010748
0.00010748
0.00010748
0.00010748
0.00010748
0.00010748
0.00010748
0.00010748
0.00010748
0.00010748
0.00010748
0.00010748
0.00010748
0.00010748
0.00010748
0.00010747
0.00010747
0.00010747
0.00010747
0.00010747
0.00010747
0.00010747
0.00010747
0.00010747
0.00010747
0.00010747
0.00010747
0.00010747
0.00010747
0.00010747
0.00010747
0.00010747
0.00010747
0.00010747
0.00010747
0.00010747
0.00010747
0.00010747
0.00010747
0.00010747
0.00010747
0.00010747
0.00010747
0.00010747
0.00010747
0.00010747
0.00010747
0.00010747
0.00010747
0.00010747
0.00010747
0.00010747
0.00010747
0.00010747
0.00010747
0.00010747
0.00010747
0.00010747
0.00010747
0.00010747
0.00010747
0.00010747
0.00010747
0.00010747
0.00010747
0.00010747
0.00010747
0.00010747
0.00010747
0.00010747
0.00010747
0.00010747
0.00010747
0.00010747
0.00010747
0.00010747
0.00010747
0.00010747
0.00010747
0.00010747
0.00010747
0.00010747
0.00010747
0.00010747
0.00010747
0.00010747
0.00010747
0.00010747
0.00010747
0.00010747
0.00010747
0.00010747
0.00010747
0.00010747
0.00010747
0.00010747
0.00010747
0.00010747
0.00010747
0.00010747
0.00010747
0.00010747
0.00010747
0.00010747
0.00010747
0.00010747
0.00010747
0.00010747
0.00010747
0.00010747
0.00010747
0.00010747
0.00010747
0.00010747
0.00010747
0.00010746
0.00010746
0.00010746
0.00010746
0.00010746
0.00010746
0.00010746
0.00010746
0.00010746
0.00010746
0.00010746
0.00010746
0.00010746
0.00010746
0.00010746
0.00010746
0.00010746
0.00010746
0.00010746
0.00010746
0.00010746
0.00010746
0.00010746
0.00010746
0.00010746
0.00010746
0.00010746
0.00010746
0.00010746
0.00010746
0.00010746
0.00010746
0.00010746
0.00010746
0.00010746
0.00010746
0.00010746
0.00010746
0.00010746
0.00010746
0.00010746
0.00010746
0.00010746
0.00010746
0.00010746
0.00010746
0.00010746
0.00010746
0.00010746
0.00010746
0.00010746
0.00010746
0.00010746
0.00010746
0.00010746
0.00010746
0.00010746
0.00010746
0.00010746
0.00010746
0.00010746
0.00010746
0.00010746
0.00010746
0.00010746
0.00010746
0.00010746
0.00010746
0.00010746
0.00010746
0.00010746
0.00010746
0.00010746
0.00010746
0.00010746
0.00010746
0.00010746
0.00010746
0.00010746
0.00010746
0.00010746
0.00010746
0.00010746
0.00010746
0.00010746
0.00010746
0.00010746
0.00010746
0.00010746
0.00010746
0.00010746
0.00010746
0.00010746
0.00010746
0.00010746
0.00010746
0.00010746
0.00010746
0.00010746
0.00010746
0.00010745
0.00010745
0.00010745
0.00010745
0.00010745
0.00010745
0.00010745
0.00010745
0.00010745
0.00010745
0.00010745
0.00010745
0.00010745
0.00010745
0.00010745
0.00010745
0.00010745
0.00010745
0.00010745
0.00010745
0.00010745
0.00010745
0.00010745
0.00010745
0.00010745
0.00010745
0.00010745
0.00010745
0.00010745
0.00010745
0.00010745
0.00010745
0.00010745
0.00010745
0.00010745
0.00010745
0.00010745
0.00010745
0.00010745
0.00010745
0.00010745
0.00010745
0.00010745
0.00010745
0.00010745
0.00010745
0.00010745
0.00010745
0.00010745
0.00010745
0.00010745
0.00010745
0.00010745
0.00010745
0.00010745
0.00010745
0.00010745
0.00010745
0.00010745
0.00010745
0.00010745
0.00010745
0.00010745
0.00010745
0.00010745
0.00010745
0.00010745
0.00010745
0.00010745
0.00010745
0.00010745
0.00010745
0.00010745
0.00010745
0.00010745
0.00010745
0.00010745
0.00010745
0.00010745
0.00010745
0.00010745
0.00010745
0.00010745
0.00010745
0.00010745
0.00010745
0.00010745
0.00010745
0.00010745
0.00010745
0.00010745
0.00010745
0.00010745
0.00010745
0.00010745
0.00010745
0.00010745
0.00010745
0.00010745
0.00010745
0.00010744
0.00010744
0.00010744
0.00010744
0.00010744
0.00010744
0.00010744
0.00010744
0.00010744
0.00010744
0.00010744
0.00010744
0.00010744
0.00010744
0.00010744
0.00010744
0.00010744
0.00010744
0.00010744
0.00010744
0.00010744
0.00010744
0.00010744
0.00010744
0.00010744
0.00010744
0.00010744
0.00010744
0.00010744
0.00010744
0.00010744
0.00010744
0.00010744
0.00010744
0.00010744
0.00010744
0.00010744
0.00010744
0.00010744
0.00010744
0.00010744
0.00010744
0.00010744
0.00010744
0.00010744
0.00010744
0.00010744
0.00010744
0.00010744
0.00010744
0.00010744
0.00010744
0.00010744
0.00010744
0.00010744
0.00010744
0.00010744
0.00010744
0.00010744
0.00010744
0.00010744
0.00010744
0.00010744
0.00010744
0.00010744
0.00010744
0.00010744
0.00010744
0.00010744
0.00010744
0.00010744
0.00010744
0.00010744
0.00010744
0.00010744
0.00010744
0.00010744
0.00010744
0.00010744
0.00010744
0.00010744
0.00010744
0.00010744
0.00010744
0.00010744
0.00010744
0.00010744
0.00010744
0.00010744
0.00010744
0.00010744
0.00010744
0.00010744
0.00010744
0.00010744
0.00010744
0.00010744
0.00010744
0.00010744
0.00010744
0.00010743
0.00010743
0.00010743
0.00010743
0.00010743
0.00010743
0.00010743
0.00010743
0.00010743
0.00010743
0.00010743
0.00010743
0.00010743
0.00010743
0.00010743
0.00010743
0.00010743
0.00010743
0.00010743
0.00010743
0.00010743
0.00010743
0.00010743
0.00010743
0.00010743
0.00010743
0.00010743
0.00010743
0.00010743
0.00010743
0.00010743
0.00010743
0.00010743
0.00010743
0.00010743
0.00010743
0.00010743
0.00010743
0.00010743
0.00010743
0.00010743
0.00010743
0.00010743
0.00010743
0.00010743
0.00010743
0.00010743
0.00010743
0.00010743
0.00010743
0.00010743
0.00010743
0.00010743
0.00010743
0.00010743
0.00010743
0.00010743
0.00010743
0.00010743
0.00010743
0.00010743
0.00010743
0.00010743
0.00010743
0.00010743
0.00010743
0.00010743
0.00010743
0.00010743
0.00010743
0.00010743
0.00010743
0.00010743
0.00010743
0.00010743
0.00010743
0.00010743
0.00010743
0.00010743
0.00010743
0.00010743
0.00010743
0.00010743
0.00010743
0.00010743
0.00010743
0.00010743
0.00010743
0.00010743
0.00010743
0.00010743
0.00010743
0.00010743
0.00010743
0.00010743
0.00010743
0.00010743
0.00010743
0.00010743
0.00010743
0.00010742
0.00010742
0.00010742
0.00010742
0.00010742
0.00010742
0.00010742
0.00010742
0.00010742
0.00010742
0.00010742
0.00010742
0.00010742
0.00010742
0.00010742
0.00010742
0.00010742
0.00010742
0.00010742
0.00010742
0.00010742
0.00010742
0.00010742
0.00010742
0.00010742
0.00010742
0.00010742
0.00010742
0.00010742
0.00010742
0.00010742
0.00010742
0.00010742
0.00010742
0.00010742
0.00010742
0.00010742
0.00010742
0.00010742
0.00010742
0.00010742
0.00010742
0.00010742
0.00010742
0.00010742
0.00010742
0.00010742
0.00010742
0.00010742
0.00010742
0.00010742
0.00010742
0.00010742
0.00010742
0.00010742
0.00010742
0.00010742
0.00010742
0.00010742
0.00010742
0.00010742
0.00010742
0.00010742
0.00010742
0.00010742
0.00010742
0.00010742
0.00010742
0.00010742
0.00010742
0.00010742
0.00010742
0.00010742
0.00010742
0.00010742
0.00010742
0.00010742
0.00010742
0.00010742
0.00010742
0.00010742
0.00010742
0.00010742
0.00010742
0.00010742
0.00010742
0.00010742
0.00010742
0.00010742
0.00010742
0.00010742
0.00010742
0.00010742
0.00010742
0.00010742
0.00010742
0.00010742
0.00010742
0.00010742
0.00010742
0.00010741
0.00010741
0.00010741
0.00010741
0.00010741
0.00010741
0.00010741
0.00010741
0.00010741
0.00010741
0.00010741
0.00010741
0.00010741
0.00010741
0.00010741
0.00010741
0.00010741
0.00010741
0.00010741
0.00010741
0.00010741
0.00010741
0.00010741
0.00010741
0.00010741
0.00010741
0.00010741
0.00010741
0.00010741
0.00010741
0.00010741
0.00010741
0.00010741
0.00010741
0.00010741
0.00010741
0.00010741
0.00010741
0.00010741
0.00010741
0.00010741
0.00010741
0.00010741
0.00010741
0.00010741
0.00010741
0.00010741
0.00010741
0.00010741
0.00010741
0.00010741
0.00010741
0.00010741
0.00010741
0.00010741
0.00010741
0.00010741
0.00010741
0.00010741
0.00010741
0.00010741
0.00010741
0.00010741
0.00010741
0.00010741
0.00010741
0.00010741
0.00010741
0.00010741
0.00010741
0.00010741
0.00010741
0.00010741
0.00010741
0.00010741
0.00010741
0.00010741
0.00010741
0.00010741
0.00010741
0.00010741
0.00010741
0.00010741
0.00010741
0.00010741
0.00010741
0.00010741
0.00010741
0.00010741
0.00010741
0.00010741
0.00010741
0.00010741
0.00010741
0.00010741
0.00010741
0.00010741
0.00010741
0.00010741
0.00010741
0.00010740
0.00010740
0.00010740
0.00010740
0.00010740
0.00010740
0.00010740
0.00010740
0.00010740
0.00010740
0.00010740
0.00010740
0.00010740
0.00010740
0.00010740
0.00010740
0.00010740
0.00010740
0.00010740
0.00010740
0.00010740
0.00010740
0.00010740
0.00010740
0.00010740
0.00010740
0.00010740
0.00010740
0.00010740
0.00010740
0.00010740
0.00010740
0.00010740
0.00010740
0.00010740
0.00010740
0.00010740
0.00010740
0.00010740
0.00010740
0.00010740
0.00010740
0.00010740
0.00010740
0.00010740
0.00010740
0.00010740
0.00010740
0.00010740
0.00010740
0.00010740
0.00010740
0.00010740
0.00010740
0.00010740
0.00010740
0.00010740
0.00010740
0.00010740
0.00010740
0.00010740
0.00010740
0.00010740
0.00010740
0.00010740
0.00010740
0.00010740
0.00010740
0.00010740
0.00010740
0.00010740
0.00010740
0.00010740
0.00010740
0.00010740
0.00010740
0.00010740
0.00010740
0.00010740
0.00010740
0.00010740
0.00010740
0.00010740
0.00010740
0.00010740
0.00010740
0.00010740
0.00010740
0.00010740
0.00010740
0.00010740
0.00010740
0.00010740
0.00010740
0.00010740
0.00010740
0.00010740
0.00010740
0.00010740
0.00010740
0.00010739
0.00010739
0.00010739
0.00010739
0.00010739
0.00010739
0.00010739
0.00010739
0.00010739
0.00010739
0.00010739
0.00010739
0.00010739
0.00010739
0.00010739
0.00010739
0.00010739
0.00010739
0.00010739
0.00010739
0.00010739
0.00010739
0.00010739
0.00010739
0.00010739
0.00010739
0.00010739
0.00010739
0.00010739
0.00010739
0.00010739
0.00010739
0.00010739
0.00010739
0.00010739
0.00010739
0.00010739
0.00010739
0.00010739
0.00010739
0.00010739
0.00010739
0.00010739
0.00010739
0.00010739
0.00010739
0.00010739
0.00010739
0.00010739
0.00010739
0.00010739
